0.000000000000000000e+00,2.198241588757810054e-17,2.000000000000000000e+00
0.000000000000000000e+00,2.198241588757810054e-17,5.000000000000000000e+00
0.000000000000000000e+00,2.198241588757810054e-17,8.000000000000000000e+00
0.000000000000000000e+00,2.198241588757810054e-17,1.100000000000000000e+01
2.010050251256281090e-02,3.082863828500074024e-04,2.000000000000000000e+00
2.010050251256281090e-02,3.625576559187369732e-04,5.000000000000000000e+00
2.010050251256281090e-02,3.339060590715479167e-04,8.000000000000000000e+00
2.010050251256281090e-02,3.307877742669079963e-04,1.100000000000000000e+01
4.020100502512562179e-02,1.226168827564941190e-03,2.000000000000000000e+00
4.020100502512562179e-02,1.442038173686975479e-03,5.000000000000000000e+00
4.020100502512562179e-02,1.328089186379464558e-03,8.000000000000000000e+00
4.020100502512562179e-02,1.315625492024112813e-03,1.100000000000000000e+01
6.030150753768843963e-02,2.732803031560223847e-03,2.000000000000000000e+00
6.030150753768843963e-02,3.213962737389134024e-03,5.000000000000000000e+00
6.030150753768843963e-02,2.960031654729901492e-03,8.000000000000000000e+00
6.030150753768843963e-02,2.932037995289358927e-03,1.100000000000000000e+01
8.040201005025124359e-02,4.793755496048568779e-03,2.000000000000000000e+00
8.040201005025124359e-02,5.637886238290232971e-03,5.000000000000000000e+00
8.040201005025124359e-02,5.192518326587203595e-03,8.000000000000000000e+00
8.040201005025124359e-02,5.142927769068603334e-03,1.100000000000000000e+01
1.005025125628140753e-01,7.361534064320506693e-03,2.000000000000000000e+00
1.005025125628140753e-01,8.658008478931318239e-03,5.000000000000000000e+00
1.005025125628140753e-01,7.974185376395364483e-03,8.000000000000000000e+00
1.005025125628140753e-01,7.897190342791975473e-03,1.100000000000000000e+01
1.206030150753768793e-01,1.037645855547518134e-02,2.000000000000000000e+00
1.206030150753768793e-01,1.220417983760433561e-02,5.000000000000000000e+00
1.206030150753768793e-01,1.124043012422621182e-02,8.000000000000000000e+00
1.206030150753768793e-01,1.113070905543159239e-02,1.100000000000000000e+01
1.407035175879396693e-01,1.477104208106745295e-02,2.000000000000000000e+00
1.407035175879396693e-01,1.599189111244470052e-02,5.000000000000000000e+00
1.407035175879396693e-01,1.561507084905727066e-02,8.000000000000000000e+00
1.407035175879396693e-01,1.508406770559565790e-02,1.100000000000000000e+01
1.608040201005025149e-01,1.867278878477652421e-02,2.000000000000000000e+00
1.608040201005025149e-01,2.022944229838877575e-02,5.000000000000000000e+00
1.608040201005025149e-01,1.935718656706334265e-02,8.000000000000000000e+00
1.608040201005025149e-01,1.953813615495754441e-02,1.100000000000000000e+01
1.809045226130653328e-01,2.430293090480441232e-02,2.000000000000000000e+00
1.809045226130653328e-01,2.508708153529286972e-02,5.000000000000000000e+00
1.809045226130653328e-01,2.410681214154918039e-02,8.000000000000000000e+00
1.809045226130653328e-01,2.349459453427722028e-02,1.100000000000000000e+01
2.010050251256281229e-01,2.880818605441396590e-02,2.000000000000000000e+00
2.010050251256281229e-01,2.963867412281984137e-02,5.000000000000000000e+00
2.010050251256281229e-01,2.939994542032915020e-02,8.000000000000000000e+00
2.010050251256281229e-01,2.757676015014331669e-02,1.100000000000000000e+01
2.211055276381909684e-01,3.381881261762988145e-02,2.000000000000000000e+00
2.211055276381909684e-01,3.491674344111129341e-02,5.000000000000000000e+00
2.211055276381909684e-01,3.280507001159897740e-02,8.000000000000000000e+00
2.211055276381909684e-01,3.200471361305547852e-02,1.100000000000000000e+01
2.412060301507537308e-01,3.826159462562356284e-02,2.000000000000000000e+00
2.412060301507537308e-01,3.991212305356460488e-02,5.000000000000000000e+00
2.412060301507537308e-01,3.735354705765242533e-02,8.000000000000000000e+00
2.412060301507537308e-01,3.579753011966369663e-02,1.100000000000000000e+01
2.613065326633166041e-01,4.183298766869258944e-02,2.000000000000000000e+00
2.613065326633166041e-01,4.380552685268118002e-02,5.000000000000000000e+00
2.613065326633166041e-01,4.154736286043775317e-02,8.000000000000000000e+00
2.613065326633166041e-01,4.032900240083918397e-02,1.100000000000000000e+01
2.814070351758793387e-01,4.612197120975004838e-02,2.000000000000000000e+00
2.814070351758793387e-01,4.693172198742148749e-02,5.000000000000000000e+00
2.814070351758793387e-01,4.564344130842525049e-02,8.000000000000000000e+00
2.814070351758793387e-01,4.496927505655274465e-02,1.100000000000000000e+01
3.015075376884422398e-01,4.973331807075367234e-02,2.000000000000000000e+00
3.015075376884422398e-01,5.051581856740428728e-02,5.000000000000000000e+00
3.015075376884422398e-01,4.933586435123311215e-02,8.000000000000000000e+00
3.015075376884422398e-01,4.945079351621566033e-02,1.100000000000000000e+01
3.216080402010050299e-01,5.405901772723542553e-02,2.000000000000000000e+00
3.216080402010050299e-01,5.408620446250211877e-02,5.000000000000000000e+00
3.216080402010050299e-01,5.402166477639020609e-02,8.000000000000000000e+00
3.216080402010050299e-01,5.233098195799767982e-02,1.100000000000000000e+01
3.417085427135678199e-01,5.701048403422841193e-02,2.000000000000000000e+00
3.417085427135678199e-01,5.746951657927253099e-02,5.000000000000000000e+00
3.417085427135678199e-01,5.667841205469228288e-02,8.000000000000000000e+00
3.417085427135678199e-01,5.561198025836559117e-02,1.100000000000000000e+01
3.618090452261306655e-01,5.918398756780622605e-02,2.000000000000000000e+00
3.618090452261306655e-01,5.979540849831298244e-02,5.000000000000000000e+00
3.618090452261306655e-01,5.977032763837907686e-02,8.000000000000000000e+00
3.618090452261306655e-01,5.842591078682171646e-02,1.100000000000000000e+01
3.819095477386935111e-01,6.177909856896864754e-02,2.000000000000000000e+00
3.819095477386935111e-01,6.152487540757031748e-02,5.000000000000000000e+00
3.819095477386935111e-01,6.260032437526147353e-02,8.000000000000000000e+00
3.819095477386935111e-01,6.077497383991514734e-02,1.100000000000000000e+01
4.020100502512563012e-01,6.440619329761601564e-02,2.000000000000000000e+00
4.020100502512563012e-01,6.327221204329283588e-02,5.000000000000000000e+00
4.020100502512563012e-01,6.453722335552367073e-02,8.000000000000000000e+00
4.020100502512563012e-01,6.324428117802746718e-02,1.100000000000000000e+01
4.221105527638191468e-01,6.602574610622323481e-02,2.000000000000000000e+00
4.221105527638191468e-01,6.525031399229641593e-02,5.000000000000000000e+00
4.221105527638191468e-01,6.655030985042541258e-02,8.000000000000000000e+00
4.221105527638191468e-01,6.487127951991049357e-02,1.100000000000000000e+01
4.422110552763819369e-01,6.723527111852309335e-02,2.000000000000000000e+00
4.422110552763819369e-01,6.650209800564146900e-02,5.000000000000000000e+00
4.422110552763819369e-01,6.777427421435532062e-02,8.000000000000000000e+00
4.422110552763819369e-01,6.640227011247076816e-02,1.100000000000000000e+01
4.623115577889447270e-01,6.835194066284633330e-02,2.000000000000000000e+00
4.623115577889447270e-01,6.749326164940058770e-02,5.000000000000000000e+00
4.623115577889447270e-01,6.886590741621684275e-02,8.000000000000000000e+00
4.623115577889447270e-01,6.760415930297510034e-02,1.100000000000000000e+01
4.824120603015075170e-01,6.943286937520089241e-02,2.000000000000000000e+00
4.824120603015075170e-01,6.780604258353498115e-02,5.000000000000000000e+00
4.824120603015075170e-01,6.971228327111694822e-02,8.000000000000000000e+00
4.824120603015075170e-01,6.862139655846488662e-02,1.100000000000000000e+01
5.025125628140703071e-01,7.024050532139200498e-02,2.000000000000000000e+00
5.025125628140703071e-01,6.847729610547376167e-02,5.000000000000000000e+00
5.025125628140703071e-01,7.021247878698345934e-02,8.000000000000000000e+00
5.025125628140703071e-01,6.902025089183735918e-02,1.100000000000000000e+01
5.226130653266332082e-01,7.063116342305031381e-02,2.000000000000000000e+00
5.226130653266332082e-01,6.892165873055292047e-02,5.000000000000000000e+00
5.226130653266332082e-01,7.103103966733131935e-02,8.000000000000000000e+00
5.226130653266332082e-01,6.958634883807245097e-02,1.100000000000000000e+01
5.427135678391959983e-01,7.103096231389230408e-02,2.000000000000000000e+00
5.427135678391959983e-01,6.910858389269408653e-02,5.000000000000000000e+00
5.427135678391959983e-01,7.142716905450316456e-02,8.000000000000000000e+00
5.427135678391959983e-01,6.986552777649110424e-02,1.100000000000000000e+01
5.628140703517587884e-01,7.136704278308896032e-02,2.000000000000000000e+00
5.628140703517587884e-01,6.947687150729608963e-02,5.000000000000000000e+00
5.628140703517587884e-01,7.167895672890628456e-02,8.000000000000000000e+00
5.628140703517587884e-01,7.014324632650198454e-02,1.100000000000000000e+01
5.829145728643215785e-01,7.150652683775451934e-02,2.000000000000000000e+00
5.829145728643215785e-01,6.961675828841046298e-02,5.000000000000000000e+00
5.829145728643215785e-01,7.200584880994051473e-02,8.000000000000000000e+00
5.829145728643215785e-01,7.036297245014438984e-02,1.100000000000000000e+01
6.030150753768844796e-01,7.162509435946773362e-02,2.000000000000000000e+00
6.030150753768844796e-01,6.973761701143313396e-02,5.000000000000000000e+00
6.030150753768844796e-01,7.218938075474293226e-02,8.000000000000000000e+00
6.030150753768844796e-01,7.067729248008323972e-02,1.100000000000000000e+01
6.231155778894472697e-01,7.173184923404547775e-02,2.000000000000000000e+00
6.231155778894472697e-01,6.981809182454448703e-02,5.000000000000000000e+00
6.231155778894472697e-01,7.219592405624111753e-02,8.000000000000000000e+00
6.231155778894472697e-01,7.070240815815309610e-02,1.100000000000000000e+01
6.432160804020100597e-01,7.185426831987104523e-02,2.000000000000000000e+00
6.432160804020100597e-01,6.989911519884921265e-02,5.000000000000000000e+00
6.432160804020100597e-01,7.233290591292662608e-02,8.000000000000000000e+00
6.432160804020100597e-01,7.086034173382313450e-02,1.100000000000000000e+01
6.633165829145728498e-01,7.184984328401630704e-02,2.000000000000000000e+00
6.633165829145728498e-01,6.995166779954148373e-02,5.000000000000000000e+00
6.633165829145728498e-01,7.241746920466515802e-02,8.000000000000000000e+00
6.633165829145728498e-01,7.084988726864538400e-02,1.100000000000000000e+01
6.834170854271356399e-01,7.181653106675980891e-02,2.000000000000000000e+00
6.834170854271356399e-01,6.999445921789390623e-02,5.000000000000000000e+00
6.834170854271356399e-01,7.245829176030776919e-02,8.000000000000000000e+00
6.834170854271356399e-01,7.090590912504352028e-02,1.100000000000000000e+01
7.035175879396985410e-01,7.179714520929453281e-02,2.000000000000000000e+00
7.035175879396985410e-01,7.002436705022346830e-02,5.000000000000000000e+00
7.035175879396985410e-01,7.252183337679107833e-02,8.000000000000000000e+00
7.035175879396985410e-01,7.093111346542585460e-02,1.100000000000000000e+01
7.236180904522613311e-01,7.177911358717063706e-02,2.000000000000000000e+00
7.236180904522613311e-01,7.003050616150877095e-02,5.000000000000000000e+00
7.236180904522613311e-01,7.255422054195134751e-02,8.000000000000000000e+00
7.236180904522613311e-01,7.094353106456460778e-02,1.100000000000000000e+01
7.437185929648241212e-01,7.176949834049517474e-02,2.000000000000000000e+00
7.437185929648241212e-01,7.002048508219174683e-02,5.000000000000000000e+00
7.437185929648241212e-01,7.262015180877159914e-02,8.000000000000000000e+00
7.437185929648241212e-01,7.095680711861010459e-02,1.100000000000000000e+01
7.638190954773869112e-01,7.181287094474318733e-02,2.000000000000000000e+00
7.638190954773869112e-01,7.003996587119534767e-02,5.000000000000000000e+00
7.638190954773869112e-01,7.262548534176418991e-02,8.000000000000000000e+00
7.638190954773869112e-01,7.094994379053273792e-02,1.100000000000000000e+01
7.839195979899498123e-01,7.183411249314097802e-02,2.000000000000000000e+00
7.839195979899498123e-01,7.006061221092439728e-02,5.000000000000000000e+00
7.839195979899498123e-01,7.262184079777675438e-02,8.000000000000000000e+00
7.839195979899498123e-01,7.094745670908675361e-02,1.100000000000000000e+01
8.040201005025126024e-01,7.183079775936551670e-02,2.000000000000000000e+00
8.040201005025126024e-01,7.005784211270919826e-02,5.000000000000000000e+00
8.040201005025126024e-01,7.264356259362511614e-02,8.000000000000000000e+00
8.040201005025126024e-01,7.094463480794958865e-02,1.100000000000000000e+01
8.241206030150755035e-01,7.182907131426330416e-02,2.000000000000000000e+00
8.241206030150755035e-01,7.005601094966978915e-02,5.000000000000000000e+00
8.241206030150755035e-01,7.264162395153445084e-02,8.000000000000000000e+00
8.241206030150755035e-01,7.094250048447801882e-02,1.100000000000000000e+01
8.442211055276380716e-01,7.182819680084279179e-02,2.000000000000000000e+00
8.442211055276380716e-01,7.005524285398710693e-02,5.000000000000000000e+00
8.442211055276380716e-01,7.264083414080266254e-02,8.000000000000000000e+00
8.442211055276380716e-01,7.094174069032749275e-02,1.100000000000000000e+01
8.643216080402009727e-01,7.182875486626205674e-02,2.000000000000000000e+00
8.643216080402009727e-01,7.005578571676865374e-02,5.000000000000000000e+00
8.643216080402009727e-01,7.264137625873391679e-02,8.000000000000000000e+00
8.643216080402009727e-01,7.094228642418028141e-02,1.100000000000000000e+01
8.844221105527638738e-01,7.182730086617125642e-02,2.000000000000000000e+00
8.844221105527638738e-01,7.007898542419742360e-02,5.000000000000000000e+00
8.844221105527638738e-01,7.263989496975581384e-02,8.000000000000000000e+00
8.844221105527638738e-01,7.094079634314323646e-02,1.100000000000000000e+01
9.045226130653265528e-01,7.182748818171352800e-02,2.000000000000000000e+00
9.045226130653265528e-01,7.007918504485503852e-02,5.000000000000000000e+00
9.045226130653265528e-01,7.264006919909057891e-02,8.000000000000000000e+00
9.045226130653265528e-01,7.094099638935258412e-02,1.100000000000000000e+01
9.246231155778894539e-01,7.182759028239091292e-02,2.000000000000000000e+00
9.246231155778894539e-01,7.007929599372997309e-02,5.000000000000000000e+00
9.246231155778894539e-01,7.264016191247593679e-02,8.000000000000000000e+00
9.246231155778894539e-01,7.094110606507847416e-02,1.100000000000000000e+01
9.447236180904521330e-01,7.182764175694467124e-02,2.000000000000000000e+00
9.447236180904521330e-01,7.007935397100889530e-02,5.000000000000000000e+00
9.447236180904521330e-01,7.264020616441474454e-02,8.000000000000000000e+00
9.447236180904521330e-01,7.094116176166939680e-02,1.100000000000000000e+01
9.648241206030150341e-01,7.182766325154493758e-02,2.000000000000000000e+00
9.648241206030150341e-01,7.007938044499105457e-02,5.000000000000000000e+00
9.648241206030150341e-01,7.264022160707367393e-02,8.000000000000000000e+00
9.648241206030150341e-01,7.094118532828461166e-02,1.100000000000000000e+01
9.849246231155779352e-01,7.182766689418122741e-02,2.000000000000000000e+00
9.849246231155779352e-01,7.007938813102085329e-02,5.000000000000000000e+00
9.849246231155779352e-01,7.264021973276119093e-02,8.000000000000000000e+00
9.849246231155779352e-01,7.094118968121063129e-02,1.100000000000000000e+01
1.005025125628140614e+00,7.182765968973174597e-02,2.000000000000000000e+00
1.005025125628140614e+00,7.007938444158706703e-02,5.000000000000000000e+00
1.005025125628140614e+00,7.264020714378599530e-02,8.000000000000000000e+00
1.005025125628140614e+00,7.094118233337724788e-02,1.100000000000000000e+01
1.025125628140703515e+00,7.182764561028134875e-02,2.000000000000000000e+00
1.025125628140703515e+00,7.007937362463478870e-02,5.000000000000000000e+00
1.025125628140703515e+00,7.264018755870851884e-02,8.000000000000000000e+00
1.025125628140703515e+00,7.094116757965555908e-02,1.100000000000000000e+01
1.045226130653266416e+00,7.182762686162810772e-02,2.000000000000000000e+00
1.045226130653266416e+00,7.007935806851370297e-02,5.000000000000000000e+00
1.045226130653266416e+00,7.264016302374101675e-02,8.000000000000000000e+00
1.045226130653266416e+00,7.094114782873486846e-02,1.100000000000000000e+01
1.065326633165829096e+00,7.182760463877513324e-02,2.000000000000000000e+00
1.065326633165829096e+00,7.007933908649185972e-02,5.000000000000000000e+00
1.065326633165829096e+00,7.264013463296482842e-02,8.000000000000000000e+00
1.065326633165829096e+00,7.094112440252561824e-02,1.100000000000000000e+01
1.085427135678391997e+00,7.182757956989083148e-02,2.000000000000000000e+00
1.085427135678391997e+00,7.007931738164571711e-02,5.000000000000000000e+00
1.085427135678391997e+00,7.264010295025566388e-02,8.000000000000000000e+00
1.085427135678391997e+00,7.094109800894068951e-02,1.100000000000000000e+01
1.105527638190954898e+00,7.182755197355258914e-02,2.000000000000000000e+00
1.105527638190954898e+00,7.007929331863391176e-02,5.000000000000000000e+00
1.105527638190954898e+00,7.264006825312388504e-02,8.000000000000000000e+00
1.105527638190954898e+00,7.094106901763369555e-02,1.100000000000000000e+01
1.125628140703517577e+00,7.182752200593200964e-02,2.000000000000000000e+00
1.125628140703517577e+00,7.007926708063644261e-02,5.000000000000000000e+00
1.125628140703517577e+00,7.264003067199527319e-02,8.000000000000000000e+00
1.125628140703517577e+00,7.094103761878456371e-02,1.100000000000000000e+01
1.145728643216080478e+00,7.182748974414976395e-02,2.000000000000000000e+00
1.145728643216080478e+00,7.007923875905910926e-02,5.000000000000000000e+00
1.145728643216080478e+00,7.263999026908639356e-02,8.000000000000000000e+00
1.145728643216080478e+00,7.094100391355709356e-02,1.100000000000000000e+01
1.165829145728643157e+00,7.182745523318029290e-02,2.000000000000000000e+00
1.165829145728643157e+00,7.007920840445214239e-02,5.000000000000000000e+00
1.165829145728643157e+00,7.263994708291246494e-02,8.000000000000000000e+00
1.165829145728643157e+00,7.094096796523492732e-02,1.100000000000000000e+01
1.185929648241206058e+00,7.182741851223256591e-02,2.000000000000000000e+00
1.185929648241206058e+00,7.007917605535737837e-02,5.000000000000000000e+00
1.185929648241206058e+00,7.263990115350341115e-02,8.000000000000000000e+00
1.185929648241206058e+00,7.094092982803726355e-02,1.100000000000000000e+01
1.206030150753768737e+00,7.182737962970307810e-02,2.000000000000000000e+00
1.206030150753768737e+00,7.007914175473684004e-02,5.000000000000000000e+00
1.206030150753768737e+00,7.263985253689486665e-02,8.000000000000000000e+00
1.206030150753768737e+00,7.094088956340549590e-02,1.100000000000000000e+01
1.226130653266331638e+00,7.182733865179843913e-02,2.000000000000000000e+00
1.226130653266331638e+00,7.007910555945820463e-02,5.000000000000000000e+00
1.226130653266331638e+00,7.263980131366626347e-02,8.000000000000000000e+00
1.226130653266331638e+00,7.094084724929755614e-02,1.100000000000000000e+01
1.246231155778894317e+00,7.182729566762549589e-02,2.000000000000000000e+00
1.246231155778894317e+00,7.007906754588542897e-02,5.000000000000000000e+00
1.246231155778894317e+00,7.263974759412636373e-02,8.000000000000000000e+00
1.246231155778894317e+00,7.094080298556050546e-02,1.100000000000000000e+01
1.266331658291457218e+00,7.182725079224890063e-02,2.000000000000000000e+00
1.266331658291457218e+00,7.007902781323438468e-02,5.000000000000000000e+00
1.266331658291457218e+00,7.263969152152528752e-02,8.000000000000000000e+00
1.266331658291457218e+00,7.094075689704905374e-02,1.100000000000000000e+01
1.286432160804019897e+00,7.182720416849699974e-02,2.000000000000000000e+00
1.286432160804019897e+00,7.007898648557506216e-02,5.000000000000000000e+00
1.286432160804019897e+00,7.263963327400080328e-02,8.000000000000000000e+00
1.286432160804019897e+00,7.094070913537135759e-02,1.100000000000000000e+01
1.306532663316583021e+00,7.182715596790692492e-02,2.000000000000000000e+00
1.306532663316583021e+00,7.007894371293219016e-02,5.000000000000000000e+00
1.306532663316583021e+00,7.263957306560323013e-02,8.000000000000000000e+00
1.306532663316583021e+00,7.094065987971530374e-02,1.100000000000000000e+01
1.326633165829145700e+00,7.182710639099379457e-02,2.000000000000000000e+00
1.326633165829145700e+00,7.007889967170566337e-02,5.000000000000000000e+00
1.326633165829145700e+00,7.263951114655456398e-02,8.000000000000000000e+00
1.326633165829145700e+00,7.094060933697712845e-02,1.100000000000000000e+01
1.346733668341708601e+00,7.182705566692415555e-02,2.000000000000000000e+00
1.346733668341708601e+00,7.007885456451160011e-02,5.000000000000000000e+00
1.346733668341708601e+00,7.263944780280276459e-02,8.000000000000000000e+00
1.346733668341708601e+00,7.094055774129656711e-02,1.100000000000000000e+01
1.366834170854271280e+00,7.182791005214914093e-02,2.000000000000000000e+00
1.366834170854271280e+00,7.006728187708138877e-02,5.000000000000000000e+00
1.366834170854271280e+00,7.264034248725211029e-02,8.000000000000000000e+00
1.366834170854271280e+00,7.094139724994044660e-02,1.100000000000000000e+01
1.386934673366833959e+00,7.182875087066346864e-02,2.000000000000000000e+00
1.386934673366833959e+00,7.005562672795168089e-02,5.000000000000000000e+00
1.386934673366833959e+00,7.264128644229150833e-02,8.000000000000000000e+00
1.386934673366833959e+00,7.094224873351356875e-02,1.100000000000000000e+01
1.407035175879397082e+00,7.182870081483859470e-02,2.000000000000000000e+00
1.407035175879397082e+00,7.005556930178588604e-02,5.000000000000000000e+00
1.407035175879397082e+00,7.264123212656634077e-02,8.000000000000000000e+00
1.407035175879397082e+00,7.094219644150190351e-02,1.100000000000000000e+01
1.427135678391959539e+00,7.182865082010510271e-02,2.000000000000000000e+00
1.427135678391959539e+00,7.005551206946251941e-02,5.000000000000000000e+00
1.427135678391959539e+00,7.264117787186193109e-02,8.000000000000000000e+00
1.427135678391959539e+00,7.094214415689578668e-02,1.100000000000000000e+01
1.447236180904522662e+00,7.182860121571875422e-02,2.000000000000000000e+00
1.447236180904522662e+00,7.005545539978946801e-02,5.000000000000000000e+00
1.447236180904522662e+00,7.264112403565503584e-02,8.000000000000000000e+00
1.447236180904522662e+00,7.094209222761679867e-02,1.100000000000000000e+01
1.467336683417085119e+00,7.182855234487228735e-02,2.000000000000000000e+00
1.467336683417085119e+00,7.005539967529980649e-02,5.000000000000000000e+00
1.467336683417085119e+00,7.264107099068373152e-02,8.000000000000000000e+00
1.467336683417085119e+00,7.094204101719156497e-02,1.100000000000000000e+01
1.487437185929648242e+00,7.182850456096337433e-02,2.000000000000000000e+00
1.487437185929648242e+00,7.005534528817877749e-02,5.000000000000000000e+00
1.487437185929648242e+00,7.264101912089082624e-02,8.000000000000000000e+00
1.487437185929648242e+00,7.094199090076441783e-02,1.100000000000000000e+01
1.507537688442211143e+00,7.182845822350844567e-02,2.000000000000000000e+00
1.507537688442211143e+00,7.005529263584345245e-02,5.000000000000000000e+00
1.507537688442211143e+00,7.264096881697856833e-02,8.000000000000000000e+00
1.507537688442211143e+00,7.094194226071207088e-02,1.100000000000000000e+01
1.527638190954773822e+00,7.182841369376435914e-02,2.000000000000000000e+00
1.527638190954773822e+00,7.005524211624063191e-02,5.000000000000000000e+00
1.527638190954773822e+00,7.264092047164256993e-02,8.000000000000000000e+00
1.527638190954773822e+00,7.094189548192711414e-02,1.100000000000000000e+01
1.547738693467336724e+00,7.182837133012989761e-02,2.000000000000000000e+00
1.547738693467336724e+00,7.005519412293791104e-02,5.000000000000000000e+00
1.547738693467336724e+00,7.264087447456316071e-02,8.000000000000000000e+00
1.547738693467336724e+00,7.094185094684875292e-02,1.100000000000000000e+01
1.567839195979899625e+00,7.182833148340668494e-02,2.000000000000000000e+00
1.567839195979899625e+00,7.005514904009024768e-02,5.000000000000000000e+00
1.567839195979899625e+00,7.264083120724132425e-02,8.000000000000000000e+00
1.567839195979899625e+00,7.094180903032809571e-02,1.100000000000000000e+01
1.587939698492462304e+00,7.182829449200586747e-02,2.000000000000000000e+00
1.587939698492462304e+00,7.005510723737051748e-02,5.000000000000000000e+00
1.587939698492462304e+00,7.264079103777322521e-02,8.000000000000000000e+00
1.587939698492462304e+00,7.094177009442256820e-02,1.100000000000000000e+01
1.608040201005025205e+00,7.182826067719116914e-02,2.000000000000000000e+00
1.608040201005025205e+00,7.005506906495684305e-02,5.000000000000000000e+00
1.608040201005025205e+00,7.264075431566283103e-02,8.000000000000000000e+00
1.608040201005025205e+00,7.094173448321980380e-02,1.100000000000000000e+01
1.628140703517587884e+00,7.182823033845109340e-02,2.000000000000000000e+00
1.628140703517587884e+00,7.005503484867084407e-02,5.000000000000000000e+00
1.628140703517587884e+00,7.264072136677367231e-02,8.000000000000000000e+00
1.628140703517587884e+00,7.094170251779344238e-02,1.100000000000000000e+01
1.648241206030150785e+00,7.182820374909343331e-02,2.000000000000000000e+00
1.648241206030150785e+00,7.005500488536112180e-02,5.000000000000000000e+00
1.648241206030150785e+00,7.264069248852172977e-02,8.000000000000000000e+00
1.648241206030150785e+00,7.094167449139412995e-02,1.100000000000000000e+01
1.668341708542713686e+00,7.182818115215192090e-02,2.000000000000000000e+00
1.668341708542713686e+00,7.005497943862361299e-02,5.000000000000000000e+00
1.668341708542713686e+00,7.264066794540846583e-02,8.000000000000000000e+00
1.668341708542713686e+00,7.094165066497591654e-02,1.100000000000000000e+01
1.688442211055276365e+00,7.182816275669141881e-02,2.000000000000000000e+00
1.688442211055276365e+00,7.005495873494488324e-02,5.000000000000000000e+00
1.688442211055276365e+00,7.264064796498728716e-02,8.000000000000000000e+00
1.688442211055276365e+00,7.094163126315367052e-02,1.100000000000000000e+01
1.708542713567839266e+00,7.182814873458925886e-02,2.000000000000000000e+00
1.708542713567839266e+00,7.005494296034793511e-02,5.000000000000000000e+00
1.708542713567839266e+00,7.264063273434996637e-02,8.000000000000000000e+00
1.708542713567839266e+00,7.094161647067881438e-02,1.100000000000000000e+01
1.728643216080401945e+00,7.182813921786272704e-02,2.000000000000000000e+00
1.728643216080401945e+00,7.005493225761007248e-02,5.000000000000000000e+00
1.728643216080401945e+00,7.264062239720840697e-02,8.000000000000000000e+00
1.728643216080401945e+00,7.094160642951058415e-02,1.100000000000000000e+01
1.748743718592964846e+00,7.182813429660044047e-02,2.000000000000000000e+00
1.748743718592964846e+00,7.005492672411130217e-02,5.000000000000000000e+00
1.748743718592964846e+00,7.264061705163588067e-02,8.000000000000000000e+00
1.748743718592964846e+00,7.094160123654813521e-02,1.100000000000000000e+01
1.768844221105527525e+00,7.182813401754289950e-02,2.000000000000000000e+00
1.768844221105527525e+00,7.005492641035900026e-02,5.000000000000000000e+00
1.768844221105527525e+00,7.264061674851680916e-02,8.000000000000000000e+00
1.768844221105527525e+00,7.094160094207374589e-02,1.100000000000000000e+01
1.788944723618090427e+00,7.182813838334359269e-02,2.000000000000000000e+00
1.788944723618090427e+00,7.005493131922022054e-02,5.000000000000000000e+00
1.788944723618090427e+00,7.264062149074004826e-02,8.000000000000000000e+00
1.788944723618090427e+00,7.094160554894216042e-02,1.100000000000000000e+01
1.809045226130653106e+00,7.182814735252715521e-02,2.000000000000000000e+00
1.809045226130653106e+00,7.005494140587806284e-02,5.000000000000000000e+00
1.809045226130653106e+00,7.264063123315292470e-02,8.000000000000000000e+00
1.809045226130653106e+00,7.094161501253462565e-02,1.100000000000000000e+01
1.829145728643216007e+00,7.182816084014498337e-02,2.000000000000000000e+00
1.829145728643216007e+00,7.005495657851307234e-02,5.000000000000000000e+00
1.829145728643216007e+00,7.264064588327737160e-02,8.000000000000000000e+00
1.829145728643216007e+00,7.094162924147823235e-02,1.100000000000000000e+01
1.849246231155778908e+00,7.182817871911439944e-02,2.000000000000000000e+00
1.849246231155778908e+00,7.005497669969495966e-02,5.000000000000000000e+00
1.849246231155778908e+00,7.264066530277238365e-02,8.000000000000000000e+00
1.849246231155778908e+00,7.094164809911479574e-02,1.100000000000000000e+01
1.869346733668341587e+00,7.182820082221157143e-02,2.000000000000000000e+00
1.869346733668341587e+00,7.005500158845531788e-02,5.000000000000000000e+00
1.869346733668341587e+00,7.264068930961022075e-02,8.000000000000000000e+00
1.869346733668341587e+00,7.094167140568582997e-02,1.100000000000000000e+01
1.889447236180904488e+00,7.182822694467441704e-02,2.000000000000000000e+00
1.889447236180904488e+00,7.005503102299669160e-02,5.000000000000000000e+00
1.889447236180904488e+00,7.264071768091837078e-02,8.000000000000000000e+00
1.889447236180904488e+00,7.094169894118507180e-02,1.100000000000000000e+01
1.909547738693467611e+00,7.182825684735905103e-02,2.000000000000000000e+00
1.909547738693467611e+00,7.005506474398190409e-02,5.000000000000000000e+00
1.909547738693467611e+00,7.264075015642570965e-02,8.000000000000000000e+00
1.909547738693467611e+00,7.094173044881516010e-02,1.100000000000000000e+01
1.929648241206030068e+00,7.182829026038153875e-02,2.000000000000000000e+00
1.929648241206030068e+00,7.005510245833423966e-02,5.000000000000000000e+00
1.929648241206030068e+00,7.264078644243782135e-02,8.000000000000000000e+00
1.929648241206030068e+00,7.094176563897246213e-02,1.100000000000000000e+01
1.949748743718592747e+00,7.182832688716775382e-02,2.000000000000000000e+00
1.949748743718592747e+00,7.005514384347090451e-02,5.000000000000000000e+00
1.949748743718592747e+00,7.264082621625686520e-02,8.000000000000000000e+00
1.949748743718592747e+00,7.094180419367387969e-02,1.100000000000000000e+01
1.969849246231156092e+00,7.182836640882619972e-02,2.000000000000000000e+00
1.969849246231156092e+00,7.005518855188386240e-02,5.000000000000000000e+00
1.969849246231156092e+00,7.264086913095302300e-02,8.000000000000000000e+00
1.969849246231156092e+00,7.094184577133083591e-02,1.100000000000000000e+01
1.989949748743718327e+00,7.182840848875396422e-02,2.000000000000000000e+00
1.989949748743718327e+00,7.005523621597700701e-02,5.000000000000000000e+00
1.989949748743718327e+00,7.264091482038909087e-02,8.000000000000000000e+00
1.989949748743718327e+00,7.094189001177059195e-02,1.100000000000000000e+01
2.010050251256280784e+00,7.182845277738300616e-02,2.000000000000000000e+00
2.010050251256280784e+00,7.005528645306582924e-02,5.000000000000000000e+00
2.010050251256280784e+00,7.264096290439657488e-02,8.000000000000000000e+00
2.010050251256280784e+00,7.094193654140211469e-02,1.100000000000000000e+01
2.030150753768844130e+00,7.182849891697418165e-02,2.000000000000000000e+00
2.030150753768844130e+00,7.005533887044498864e-02,5.000000000000000000e+00
2.030150753768844130e+00,7.264101299400194112e-02,8.000000000000000000e+00
2.030150753768844130e+00,7.094198497842338358e-02,1.100000000000000000e+01
2.050251256281407031e+00,7.182854654636725011e-02,2.000000000000000000e+00
2.050251256281407031e+00,7.005539307043079367e-02,5.000000000000000000e+00
2.050251256281407031e+00,7.264106469660305820e-02,8.000000000000000000e+00
2.050251256281407031e+00,7.094203493796971682e-02,1.100000000000000000e+01
2.070351758793969488e+00,7.182859530560078976e-02,2.000000000000000000e+00
2.070351758793969488e+00,7.005544865528963439e-02,5.000000000000000000e+00
2.070351758793969488e+00,7.264111762100138037e-02,8.000000000000000000e+00
2.070351758793969488e+00,7.094208603710785987e-02,1.100000000000000000e+01
2.090452261306532833e+00,7.182864484032094876e-02,2.000000000000000000e+00
2.090452261306532833e+00,7.005550523196905910e-02,5.000000000000000000e+00
2.090452261306532833e+00,7.264117138220145542e-02,8.000000000000000000e+00
2.090452261306532833e+00,7.094213789958703220e-02,1.100000000000000000e+01
2.110552763819095290e+00,7.182869480590625688e-02,2.000000000000000000e+00
2.110552763819095290e+00,7.005556241655576388e-02,5.000000000000000000e+00
2.110552763819095290e+00,7.264122560589862665e-02,8.000000000000000000e+00
2.110552763819095290e+00,7.094219016026809266e-02,1.100000000000000000e+01
2.130653266331658191e+00,7.182874487124546459e-02,2.000000000000000000e+00
2.130653266331658191e+00,7.005561983839389550e-02,5.000000000000000000e+00
2.130653266331658191e+00,7.264127993258592819e-02,8.000000000000000000e+00
2.130653266331658191e+00,7.094224246916200349e-02,1.100000000000000000e+01
2.150753768844220648e+00,7.182790396856650328e-02,2.000000000000000000e+00
2.150753768844220648e+00,7.006727570961500395e-02,5.000000000000000000e+00
2.150753768844220648e+00,7.264033533303781986e-02,8.000000000000000000e+00
2.150753768844220648e+00,7.094139097865445609e-02,1.100000000000000000e+01
2.170854271356783993e+00,7.182704951490277712e-02,2.000000000000000000e+00
2.170854271356783993e+00,7.007884909064501788e-02,5.000000000000000000e+00
2.170854271356783993e+00,7.263944012071753276e-02,8.000000000000000000e+00
2.170854271356783993e+00,7.094055149120510884e-02,1.100000000000000000e+01
2.190954773869346894e+00,7.182710035994518960e-02,2.000000000000000000e+00
2.190954773869346894e+00,7.007889431098551780e-02,5.000000000000000000e+00
2.190954773869346894e+00,7.263950361459874105e-02,8.000000000000000000e+00
2.190954773869346894e+00,7.094060319630463018e-02,1.100000000000000000e+01
2.211055276381909795e+00,7.182715008727771910e-02,2.000000000000000000e+00
2.211055276381909795e+00,7.007893849149098020e-02,5.000000000000000000e+00
2.211055276381909795e+00,7.263956572049549976e-02,8.000000000000000000e+00
2.211055276381909795e+00,7.094065387842163339e-02,1.100000000000000000e+01
2.231155778894471808e+00,7.182719846441645850e-02,2.000000000000000000e+00
2.231155778894471808e+00,7.007898142653624929e-02,5.000000000000000000e+00
2.231155778894471808e+00,7.263962614829880260e-02,8.000000000000000000e+00
2.231155778894471808e+00,7.094070330029575433e-02,1.100000000000000000e+01
2.251256281407035154e+00,7.182724528753711701e-02,2.000000000000000000e+00
2.251256281407035154e+00,7.007902293677101269e-02,5.000000000000000000e+00
2.251256281407035154e+00,7.263968464360218147e-02,8.000000000000000000e+00
2.251256281407035154e+00,7.094075125192270126e-02,1.100000000000000000e+01
2.271356783919598055e+00,7.182729038196791760e-02,2.000000000000000000e+00
2.271356783919598055e+00,7.007906286946938290e-02,5.000000000000000000e+00
2.271356783919598055e+00,7.263974098831788018e-02,8.000000000000000000e+00
2.271356783919598055e+00,7.094079755120447084e-02,1.100000000000000000e+01
2.291457286432160956e+00,7.182733360219717422e-02,2.000000000000000000e+00
2.291457286432160956e+00,7.007910109843598634e-02,5.000000000000000000e+00
2.291457286432160956e+00,7.263979500068687423e-02,8.000000000000000000e+00
2.291457286432160956e+00,7.094084204413692030e-02,1.100000000000000000e+01
2.311557788944723857e+00,7.182737483143158963e-02,2.000000000000000000e+00
2.311557788944723857e+00,7.007913752350436454e-02,5.000000000000000000e+00
2.311557788944723857e+00,7.263984653472790876e-02,8.000000000000000000e+00
2.311557788944723857e+00,7.094088460456546286e-02,1.100000000000000000e+01
2.331658291457286314e+00,7.182741398074710126e-02,2.000000000000000000e+00
2.331658291457286314e+00,7.007917206966858548e-02,5.000000000000000000e+00
2.331658291457286314e+00,7.263989547917824863e-02,8.000000000000000000e+00
2.331658291457286314e+00,7.094092513354391394e-02,1.100000000000000000e+01
2.351758793969848771e+00,7.182745098788065330e-02,2.000000000000000000e+00
2.351758793969848771e+00,7.007920468589484697e-02,5.000000000000000000e+00
2.351758793969848771e+00,7.263994175598649516e-02,8.000000000000000000e+00
2.351758793969848771e+00,7.094096355833914846e-02,1.100000000000000000e+01
2.371859296482412116e+00,7.182748581571454793e-02,2.000000000000000000e+00
2.371859296482412116e+00,7.007923534366172769e-02,5.000000000000000000e+00
2.371859296482412116e+00,7.263998531842219553e-02,8.000000000000000000e+00
2.371859296482412116e+00,7.094099983112708840e-02,1.100000000000000000e+01
2.391959798994975017e+00,7.182751845050727724e-02,2.000000000000000000e+00
2.391959798994975017e+00,7.007926403528078052e-02,5.000000000000000000e+00
2.391959798994975017e+00,7.264002614887024589e-02,8.000000000000000000e+00
2.391959798994975017e+00,7.094103392742862058e-02,1.100000000000000000e+01
2.412060301507537474e+00,7.182754889992572223e-02,2.000000000000000000e+00
2.412060301507537474e+00,7.007929077204821944e-02,5.000000000000000000e+00
2.412060301507537474e+00,7.264006425637815900e-02,8.000000000000000000e+00
2.412060301507537474e+00,7.094106584433557128e-02,1.100000000000000000e+01
2.432160804020100375e+00,7.182757719093300908e-02,2.000000000000000000e+00
2.432160804020100375e+00,7.007931558227792346e-02,5.000000000000000000e+00
2.432160804020100375e+00,7.264009967402462742e-02,8.000000000000000000e+00
2.432160804020100375e+00,7.094109559857650349e-02,1.100000000000000000e+01
2.452261306532663276e+00,7.182760336758374498e-02,2.000000000000000000e+00
2.452261306532663276e+00,7.007933850926398311e-02,5.000000000000000000e+00
2.452261306532663276e+00,7.264013245617406689e-02,8.000000000000000000e+00
2.452261306532663276e+00,7.094112322447122809e-02,1.100000000000000000e+01
2.472361809045226178e+00,7.182762748877646874e-02,2.000000000000000000e+00
2.472361809045226178e+00,7.007935960921746199e-02,5.000000000000000000e+00
2.472361809045226178e+00,7.264016267567852125e-02,8.000000000000000000e+00
2.472361809045226178e+00,7.094114877182064460e-02,1.100000000000000000e+01
2.492462311557788635e+00,7.182764962600804437e-02,2.000000000000000000e+00
2.492462311557788635e+00,7.007937894921795197e-02,5.000000000000000000e+00
2.492462311557788635e+00,7.264019042108402213e-02,8.000000000000000000e+00
2.492462311557788635e+00,7.094117230377554317e-02,1.100000000000000000e+01
2.512562814070351980e+00,7.182766986117114505e-02,2.000000000000000000e+00
2.512562814070351980e+00,7.007939660521671221e-02,5.000000000000000000e+00
2.512562814070351980e+00,7.264021579389114136e-02,8.000000000000000000e+00
2.512562814070351980e+00,7.094119389472380854e-02,1.100000000000000000e+01
2.532663316582914437e+00,7.182768828442998021e-02,2.000000000000000000e+00
2.532663316582914437e+00,7.007941266012204795e-02,5.000000000000000000e+00
2.532663316582914437e+00,7.264023890591431165e-02,8.000000000000000000e+00
2.532663316582914437e+00,7.094121362823169186e-02,1.100000000000000000e+01
2.552763819095477338e+00,7.182770499220457461e-02,2.000000000000000000e+00
2.552763819095477338e+00,7.007942720199353270e-02,5.000000000000000000e+00
2.552763819095477338e+00,7.264025987677730223e-02,8.000000000000000000e+00
2.552763819095477338e+00,7.094123159506959819e-02,1.100000000000000000e+01
2.572864321608039795e+00,7.182772008528809371e-02,2.000000000000000000e+00
2.572864321608039795e+00,7.007944032236554377e-02,5.000000000000000000e+00
2.572864321608039795e+00,7.264027883157438137e-02,8.000000000000000000e+00
2.572864321608039795e+00,7.094124789134795273e-02,1.100000000000000000e+01
2.592964824120603140e+00,7.182773366711595053e-02,2.000000000000000000e+00
2.592964824120603140e+00,7.007945211471591773e-02,5.000000000000000000e+00
2.592964824120603140e+00,7.264029589872122994e-02,8.000000000000000000e+00
2.592964824120603140e+00,7.094126261678382339e-02,1.100000000000000000e+01
2.613065326633166041e+00,7.182774584220050218e-02,2.000000000000000000e+00
2.613065326633166041e+00,7.007946267309016208e-02,5.000000000000000000e+00
2.613065326633166041e+00,7.264031120801167640e-02,8.000000000000000000e+00
2.613065326633166041e+00,7.094127587311385708e-02,1.100000000000000000e+01
2.633165829145728498e+00,7.182775671473948242e-02,2.000000000000000000e+00
2.633165829145728498e+00,7.007947209088749574e-02,5.000000000000000000e+00
2.633165829145728498e+00,7.264032488889055061e-02,8.000000000000000000e+00
2.633165829145728498e+00,7.094128776266443726e-02,1.100000000000000000e+01
2.653266331658291399e+00,7.182776638740227815e-02,2.000000000000000000e+00
2.653266331658291399e+00,7.007948045981057805e-02,5.000000000000000000e+00
2.653266331658291399e+00,7.264033706894712505e-02,8.000000000000000000e+00
2.653266331658291399e+00,7.094129838708523872e-02,1.100000000000000000e+01
2.673366834170854300e+00,7.182777496029328634e-02,2.000000000000000000e+00
2.673366834170854300e+00,7.007948786897684468e-02,5.000000000000000000e+00
2.673366834170854300e+00,7.264034787262831083e-02,8.000000000000000000e+00
2.673366834170854300e+00,7.094130784624863573e-02,1.100000000000000000e+01
2.693467336683416757e+00,7.182778253008845204e-02,2.000000000000000000e+00
2.693467336683416757e+00,7.007949440418645426e-02,5.000000000000000000e+00
2.693467336683416757e+00,7.264035742016658470e-02,8.000000000000000000e+00
2.693467336683416757e+00,7.094131623731356195e-02,1.100000000000000000e+01
2.713567839195980103e+00,7.182778918933781231e-02,2.000000000000000000e+00
2.713567839195980103e+00,7.007950014733961563e-02,5.000000000000000000e+00
2.713567839195980103e+00,7.264036582671302977e-02,8.000000000000000000e+00
2.713567839195980103e+00,7.094132365394899276e-02,1.100000000000000000e+01
2.733668341708542560e+00,7.182779502592419318e-02,2.000000000000000000e+00
2.733668341708542560e+00,7.007950517599245699e-02,5.000000000000000000e+00
2.733668341708542560e+00,7.264037320166397138e-02,8.000000000000000000e+00
2.733668341708542560e+00,7.094133018571034677e-02,1.100000000000000000e+01
2.753768844221105017e+00,7.182780012266647141e-02,2.000000000000000000e+00
2.753768844221105017e+00,7.007950956304123680e-02,5.000000000000000000e+00
2.753768844221105017e+00,7.264037964816627557e-02,8.000000000000000000e+00
2.753768844221105017e+00,7.094133591755888424e-02,1.100000000000000000e+01
2.773869346733668362e+00,7.182780455705435607e-02,2.000000000000000000e+00
2.773869346733668362e+00,7.007951337652154611e-02,5.000000000000000000e+00
2.773869346733668362e+00,7.264038526278505936e-02,8.000000000000000000e+00
2.773869346733668362e+00,7.094134092951344395e-02,1.100000000000000000e+01
2.793969849246231263e+00,7.182780840110070120e-02,2.000000000000000000e+00
2.793969849246231263e+00,7.007951667950981789e-02,5.000000000000000000e+00
2.793969849246231263e+00,7.264039013531689570e-02,8.000000000000000000e+00
2.793969849246231263e+00,7.094134529642223685e-02,1.100000000000000000e+01
2.814070351758794164e+00,7.182781172129681924e-02,2.000000000000000000e+00
2.814070351758794164e+00,7.007951953011362645e-02,5.000000000000000000e+00
2.814070351758794164e+00,7.264039434873023615e-02,8.000000000000000000e+00
2.814070351758794164e+00,7.094134908784165139e-02,1.100000000000000000e+01
2.834170854271356621e+00,7.182781457865651531e-02,2.000000000000000000e+00
2.834170854271356621e+00,7.007952198153763468e-02,5.000000000000000000e+00
2.834170854271356621e+00,7.264039797921549579e-02,8.000000000000000000e+00
2.834170854271356621e+00,7.094135236800906685e-02,1.100000000000000000e+01
2.854271356783919522e+00,7.182781702883467290e-02,2.000000000000000000e+00
2.854271356783919522e+00,7.007952408221262974e-02,5.000000000000000000e+00
2.854271356783919522e+00,7.264040109632731446e-02,8.000000000000000000e+00
2.854271356783919522e+00,7.094135519589611638e-02,1.100000000000000000e+01
2.874371859296482423e+00,7.182781912230669363e-02,2.000000000000000000e+00
2.874371859296482423e+00,7.007952587597496286e-02,5.000000000000000000e+00
2.874371859296482423e+00,7.264040376320241021e-02,8.000000000000000000e+00
2.874371859296482423e+00,7.094135762532985390e-02,1.100000000000000000e+01
2.894472361809045324e+00,7.182782090459631508e-02,2.000000000000000000e+00
2.894472361809045324e+00,7.007952740228592936e-02,5.000000000000000000e+00
2.894472361809045324e+00,7.264040603683710740e-02,8.000000000000000000e+00
2.894472361809045324e+00,7.094135970516909917e-02,1.100000000000000000e+01
2.914572864321607781e+00,7.182782241653992705e-02,2.000000000000000000e+00
2.914572864321607781e+00,7.007952869647997296e-02,5.000000000000000000e+00
2.914572864321607781e+00,7.264040796841064740e-02,8.000000000000000000e+00
2.914572864321607781e+00,7.094136147952487259e-02,1.100000000000000000e+01
2.934673366834170238e+00,7.182782369457693661e-02,2.000000000000000000e+00
2.934673366834170238e+00,7.007952979003323479e-02,5.000000000000000000e+00
2.934673366834170238e+00,7.264040960364062660e-02,8.000000000000000000e+00
2.934673366834170238e+00,7.094136298801366480e-02,1.100000000000000000e+01
2.954773869346733139e+00,7.182782477105664753e-02,2.000000000000000000e+00
2.954773869346733139e+00,7.007953071084385699e-02,5.000000000000000000e+00
2.954773869346733139e+00,7.264041098315962564e-02,8.000000000000000000e+00
2.954773869346733139e+00,7.094136426603439571e-02,1.100000000000000000e+01
2.974874371859296485e+00,7.182782567455359146e-02,2.000000000000000000e+00
2.974874371859296485e+00,7.007953148351725448e-02,5.000000000000000000e+00
2.974874371859296485e+00,7.264041214290253845e-02,8.000000000000000000e+00
2.974874371859296485e+00,7.094136534506040315e-02,1.100000000000000000e+01
2.994974874371859386e+00,7.182782643018421898e-02,2.000000000000000000e+00
2.994974874371859386e+00,7.007953212965045697e-02,5.000000000000000000e+00
2.994974874371859386e+00,7.264041311449608018e-02,8.000000000000000000e+00
2.994974874371859386e+00,7.094136625293884224e-02,1.100000000000000000e+01
3.015075376884422287e+00,7.182782705991924699e-02,2.000000000000000000e+00
3.015075376884422287e+00,7.007953266811070558e-02,5.000000000000000000e+00
3.015075376884422287e+00,7.264041392564360433e-02,8.000000000000000000e+00
3.015075376884422287e+00,7.094136701419109792e-02,1.100000000000000000e+01
3.035175879396984744e+00,7.182782758288690228e-02,2.000000000000000000e+00
3.035175879396984744e+00,7.007953311530422391e-02,5.000000000000000000e+00
3.035175879396984744e+00,7.264041460049872057e-02,8.000000000000000000e+00
3.035175879396984744e+00,7.094136765030925607e-02,1.100000000000000000e+01
3.055276381909548089e+00,7.182782801566323094e-02,2.000000000000000000e+00
3.055276381909548089e+00,7.007953348543247141e-02,5.000000000000000000e+00
3.055276381909548089e+00,7.264041516002403553e-02,8.000000000000000000e+00
3.055276381909548089e+00,7.094136818004379008e-02,1.100000000000000000e+01
3.075376884422110546e+00,7.182782837254694797e-02,2.000000000000000000e+00
3.075376884422110546e+00,7.007953379073354749e-02,5.000000000000000000e+00
3.075376884422110546e+00,7.264041562233074234e-02,8.000000000000000000e+00
3.075376884422110546e+00,7.094136861967947905e-02,1.100000000000000000e+01
3.095477386934673003e+00,7.182782866581666203e-02,2.000000000000000000e+00
3.095477386934673003e+00,7.007953404170713663e-02,5.000000000000000000e+00
3.095477386934673003e+00,7.264041600299706025e-02,8.000000000000000000e+00
3.095477386934673003e+00,7.094136898329672647e-02,1.100000000000000000e+01
3.115577889447236348e+00,7.182782890596940695e-02,2.000000000000000000e+00
3.115577889447236348e+00,7.007953424732241143e-02,5.000000000000000000e+00
3.115577889447236348e+00,7.264041631536392873e-02,8.000000000000000000e+00
3.115577889447236348e+00,7.094136928301647549e-02,1.100000000000000000e+01
3.135678391959799249e+00,7.182782910193964698e-02,2.000000000000000000e+00
3.135678391959799249e+00,7.007953441520839433e-02,5.000000000000000000e+00
3.135678391959799249e+00,7.264041657080683168e-02,8.000000000000000000e+00
3.135678391959799249e+00,7.094136952922783235e-02,1.100000000000000000e+01
3.155778894472361706e+00,7.182782926129888112e-02,2.000000000000000000e+00
3.155778894472361706e+00,7.007953455182672209e-02,5.000000000000000000e+00
3.155778894472361706e+00,7.264041677898405713e-02,8.000000000000000000e+00
3.155778894472361706e+00,7.094136973079739894e-02,1.100000000000000000e+01
3.175879396984924607e+00,7.182782939043594328e-02,2.000000000000000000e+00
3.175879396984924607e+00,7.007953466262745179e-02,5.000000000000000000e+00
3.175879396984924607e+00,7.264041694806119831e-02,8.000000000000000000e+00
3.175879396984924607e+00,7.094136989526038384e-02,1.100000000000000000e+01
3.195979899497487509e+00,7.182782949471891443e-02,2.000000000000000000e+00
3.195979899497487509e+00,7.007953475218844930e-02,5.000000000000000000e+00
3.195979899497487509e+00,7.264041708491300597e-02,8.000000000000000000e+00
3.195979899497487509e+00,7.094137002899374156e-02,1.100000000000000000e+01
3.216080402010050410e+00,7.182782957863909079e-02,2.000000000000000000e+00
3.216080402010050410e+00,7.007953482433926240e-02,5.000000000000000000e+00
3.216080402010050410e+00,7.264041719530353602e-02,8.000000000000000000e+00
3.216080402010050410e+00,7.094137013737186748e-02,1.100000000000000000e+01
3.236180904522613311e+00,7.182782964593856234e-02,2.000000000000000000e+00
3.236180904522613311e+00,7.007953488227050554e-02,5.000000000000000000e+00
3.236180904522613311e+00,7.264041728404570242e-02,8.000000000000000000e+00
3.236180904522613311e+00,7.094137022490569489e-02,1.100000000000000000e+01
3.256281407035176212e+00,7.182782969972234532e-02,2.000000000000000000e+00
3.256281407035176212e+00,7.007953492862982470e-02,5.000000000000000000e+00
3.256281407035176212e+00,7.264041735514194242e-02,8.000000000000000000e+00
3.256281407035176212e+00,7.094137029536590200e-02,1.100000000000000000e+01
3.276381909547738225e+00,7.182782974255610964e-02,2.000000000000000000e+00
3.276381909547738225e+00,7.007953496560551110e-02,5.000000000000000000e+00
3.276381909547738225e+00,7.264041741190720158e-02,8.000000000000000000e+00
3.276381909547738225e+00,7.094137035189186646e-02,1.100000000000000000e+01
3.296482412060301126e+00,7.182782977655136070e-02,2.000000000000000000e+00
3.296482412060301126e+00,7.007953499499922079e-02,5.000000000000000000e+00
3.296482412060301126e+00,7.264041745707605635e-02,8.000000000000000000e+00
3.296482412060301126e+00,7.094137039708672821e-02,1.100000000000000000e+01
3.316582914572864471e+00,7.182782980343879742e-02,2.000000000000000000e+00
3.316582914572864471e+00,7.007953501828834142e-02,5.000000000000000000e+00
3.316582914572864471e+00,7.264041749289532057e-02,8.000000000000000000e+00
3.316582914572864471e+00,7.094137043310053126e-02,1.100000000000000000e+01
3.336683417085427816e+00,7.182782982463117860e-02,2.000000000000000000e+00
3.336683417085427816e+00,7.007953503667976869e-02,5.000000000000000000e+00
3.336683417085427816e+00,7.264041752120381501e-02,8.000000000000000000e+00
3.336683417085427816e+00,7.094137046170204131e-02,1.100000000000000000e+01
3.356783919597989385e+00,7.182782984127721038e-02,2.000000000000000000e+00
3.356783919597989385e+00,7.007953505115563364e-02,5.000000000000000000e+00
3.356783919597989385e+00,7.264041754350046565e-02,8.000000000000000000e+00
3.356783919597989385e+00,7.094137048434073778e-02,1.100000000000000000e+01
3.376884422110552730e+00,7.182782985430721800e-02,2.000000000000000000e+00
3.376884422110552730e+00,7.007953506251207720e-02,5.000000000000000000e+00
3.376884422110552730e+00,7.264041756100238223e-02,8.000000000000000000e+00
3.376884422110552730e+00,7.094137050219970209e-02,1.100000000000000000e+01
3.396984924623116076e+00,7.182782986447161511e-02,2.000000000000000000e+00
3.396984924623116076e+00,7.007953507139201565e-02,5.000000000000000000e+00
3.396984924623116076e+00,7.264041757469402727e-02,8.000000000000000000e+00
3.396984924623116076e+00,7.094137051624094248e-02,1.100000000000000000e+01
3.417085427135678533e+00,7.182782987237332217e-02,2.000000000000000000e+00
3.417085427135678533e+00,7.007953507831275741e-02,5.000000000000000000e+00
3.417085427135678533e+00,7.264041758536859961e-02,8.000000000000000000e+00
3.417085427135678533e+00,7.094137052724364123e-02,1.100000000000000000e+01
3.437185929648240990e+00,7.182782987849498091e-02,2.000000000000000000e+00
3.437185929648240990e+00,7.007953508368888751e-02,5.000000000000000000e+00
3.437185929648240990e+00,7.264041759366267337e-02,8.000000000000000000e+00
3.437185929648240990e+00,7.094137053583654540e-02,1.100000000000000000e+01
3.457286432160803891e+00,7.182782988322124196e-02,2.000000000000000000e+00
3.457286432160803891e+00,7.007953508785147445e-02,5.000000000000000000e+00
3.457286432160803891e+00,7.264041760008529969e-02,8.000000000000000000e+00
3.457286432160803891e+00,7.094137054252505625e-02,1.100000000000000000e+01
3.477386934673366792e+00,7.182782988685769421e-02,2.000000000000000000e+00
3.477386934673366792e+00,7.007953509106391865e-02,5.000000000000000000e+00
3.477386934673366792e+00,7.264041760504186263e-02,8.000000000000000000e+00
3.477386934673366792e+00,7.094137054771385009e-02,1.100000000000000000e+01
3.497487437185929693e+00,7.182782988964600546e-02,2.000000000000000000e+00
3.497487437185929693e+00,7.007953509353503918e-02,5.000000000000000000e+00
3.497487437185929693e+00,7.264041760885403543e-02,8.000000000000000000e+00
3.497487437185929693e+00,7.094137055172577977e-02,1.100000000000000000e+01
3.517587939698492594e+00,7.182782989177666222e-02,2.000000000000000000e+00
3.517587939698492594e+00,7.007953509542966253e-02,5.000000000000000000e+00
3.517587939698492594e+00,7.264041761177614243e-02,8.000000000000000000e+00
3.517587939698492594e+00,7.094137055481741783e-02,1.100000000000000000e+01
3.537688442211055495e+00,7.182782989339919766e-02,2.000000000000000000e+00
3.537688442211055495e+00,7.007953509687761540e-02,5.000000000000000000e+00
3.537688442211055495e+00,7.264041761400832908e-02,8.000000000000000000e+00
3.537688442211055495e+00,7.094137055719196283e-02,1.100000000000000000e+01
3.557788944723617508e+00,7.182782989463057377e-02,2.000000000000000000e+00
3.557788944723617508e+00,7.007953509798056646e-02,5.000000000000000000e+00
3.557788944723617508e+00,7.264041761570777522e-02,8.000000000000000000e+00
3.557788944723617508e+00,7.094137055900964772e-02,1.100000000000000000e+01
3.577889447236180853e+00,7.182782989556185660e-02,2.000000000000000000e+00
3.577889447236180853e+00,7.007953509881800769e-02,5.000000000000000000e+00
3.577889447236180853e+00,7.264041761699718824e-02,8.000000000000000000e+00
3.577889447236180853e+00,7.094137056039644118e-02,1.100000000000000000e+01
3.597989949748744198e+00,7.182782989626376735e-02,2.000000000000000000e+00
3.597989949748744198e+00,7.007953509945176462e-02,5.000000000000000000e+00
3.597989949748744198e+00,7.264041761797218610e-02,8.000000000000000000e+00
3.597989949748744198e+00,7.094137056145097264e-02,1.100000000000000000e+01
3.618090452261306211e+00,7.182782989679101227e-02,2.000000000000000000e+00
3.618090452261306211e+00,7.007953509992985441e-02,5.000000000000000000e+00
3.618090452261306211e+00,7.264041761870695946e-02,8.000000000000000000e+00
3.618090452261306211e+00,7.094137056225016669e-02,1.100000000000000000e+01
3.638190954773869557e+00,7.182782989718566879e-02,2.000000000000000000e+00
3.638190954773869557e+00,7.007953510028933075e-02,5.000000000000000000e+00
3.638190954773869557e+00,7.264041761925879581e-02,8.000000000000000000e+00
3.638190954773869557e+00,7.094137056285386433e-02,1.100000000000000000e+01
3.658291457286432014e+00,7.182782989748008606e-02,2.000000000000000000e+00
3.658291457286432014e+00,7.007953510055872637e-02,5.000000000000000000e+00
3.658291457286432014e+00,7.264041761967184041e-02,8.000000000000000000e+00
3.658291457286432014e+00,7.094137056330834801e-02,1.100000000000000000e+01
3.678391959798994471e+00,7.182782989769898041e-02,2.000000000000000000e+00
3.678391959798994471e+00,7.007953510075999592e-02,5.000000000000000000e+00
3.678391959798994471e+00,7.264041761997995506e-02,8.000000000000000000e+00
3.678391959798994471e+00,7.094137056364938076e-02,1.100000000000000000e+01
3.698492462311557816e+00,7.182782989786114236e-02,2.000000000000000000e+00
3.698492462311557816e+00,7.007953510090986216e-02,5.000000000000000000e+00
3.698492462311557816e+00,7.264041762020900794e-02,8.000000000000000000e+00
3.698492462311557816e+00,7.094137056390442675e-02,1.100000000000000000e+01
3.718592964824120717e+00,7.182782989798087991e-02,2.000000000000000000e+00
3.718592964824120717e+00,7.007953510102110650e-02,5.000000000000000000e+00
3.718592964824120717e+00,7.264041762037870553e-02,8.000000000000000000e+00
3.718592964824120717e+00,7.094137056409452469e-02,1.100000000000000000e+01
3.738693467336684062e+00,7.182782989806898999e-02,2.000000000000000000e+00
3.738693467336684062e+00,7.007953510110340178e-02,5.000000000000000000e+00
3.738693467336684062e+00,7.264041762050400808e-02,8.000000000000000000e+00
3.738693467336684062e+00,7.094137056423577281e-02,1.100000000000000000e+01
3.758793969849246519e+00,7.182782989813357721e-02,2.000000000000000000e+00
3.758793969849246519e+00,7.007953510116406159e-02,5.000000000000000000e+00
3.758793969849246519e+00,7.264041762059619822e-02,8.000000000000000000e+00
3.758793969849246519e+00,7.094137056434032806e-02,1.100000000000000000e+01
3.778894472361808976e+00,7.182782989818078945e-02,2.000000000000000000e+00
3.778894472361808976e+00,7.007953510120867868e-02,5.000000000000000000e+00
3.778894472361808976e+00,7.264041762066381080e-02,8.000000000000000000e+00
3.778894472361808976e+00,7.094137056441751632e-02,1.100000000000000000e+01
3.798994974874371877e+00,7.182782989821517861e-02,2.000000000000000000e+00
3.798994974874371877e+00,7.007953510124137475e-02,5.000000000000000000e+00
3.798994974874371877e+00,7.264041762071324349e-02,8.000000000000000000e+00
3.798994974874371877e+00,7.094137056447427647e-02,1.100000000000000000e+01
3.819095477386935222e+00,7.182782989824014475e-02,2.000000000000000000e+00
3.819095477386935222e+00,7.007953510126523067e-02,5.000000000000000000e+00
3.819095477386935222e+00,7.264041762074922859e-02,8.000000000000000000e+00
3.819095477386935222e+00,7.094137056451590984e-02,1.100000000000000000e+01
3.839195979899497679e+00,7.182782989825819975e-02,2.000000000000000000e+00
3.839195979899497679e+00,7.007953510128260566e-02,5.000000000000000000e+00
3.839195979899497679e+00,7.264041762077536046e-02,8.000000000000000000e+00
3.839195979899497679e+00,7.094137056454630219e-02,1.100000000000000000e+01
3.859296482412060136e+00,7.182782989827118936e-02,2.000000000000000000e+00
3.859296482412060136e+00,7.007953510129522057e-02,5.000000000000000000e+00
3.859296482412060136e+00,7.264041762079426201e-02,8.000000000000000000e+00
3.859296482412060136e+00,7.094137056456845114e-02,1.100000000000000000e+01
3.879396984924623037e+00,7.182782989828054299e-02,2.000000000000000000e+00
3.879396984924623037e+00,7.007953510130432440e-02,5.000000000000000000e+00
3.879396984924623037e+00,7.264041762080789000e-02,8.000000000000000000e+00
3.879396984924623037e+00,7.094137056458453550e-02,1.100000000000000000e+01
3.899497487437185494e+00,7.182782989828723208e-02,2.000000000000000000e+00
3.899497487437185494e+00,7.007953510131091635e-02,5.000000000000000000e+00
3.899497487437185494e+00,7.264041762081767384e-02,8.000000000000000000e+00
3.899497487437185494e+00,7.094137056459615120e-02,1.100000000000000000e+01
3.919597989949748840e+00,7.182782989829200604e-02,2.000000000000000000e+00
3.919597989949748840e+00,7.007953510131563479e-02,5.000000000000000000e+00
3.919597989949748840e+00,7.264041762082468212e-02,8.000000000000000000e+00
3.919597989949748840e+00,7.094137056460454727e-02,1.100000000000000000e+01
3.939698492462312185e+00,7.182782989829540610e-02,2.000000000000000000e+00
3.939698492462312185e+00,7.007953510131903485e-02,5.000000000000000000e+00
3.939698492462312185e+00,7.264041762082967812e-02,8.000000000000000000e+00
3.939698492462312185e+00,7.094137056461057023e-02,1.100000000000000000e+01
3.959798994974874198e+00,7.182782989829780695e-02,2.000000000000000000e+00
3.959798994974874198e+00,7.007953510132142183e-02,5.000000000000000000e+00
3.959798994974874198e+00,7.264041762083324472e-02,8.000000000000000000e+00
3.959798994974874198e+00,7.094137056461488622e-02,1.100000000000000000e+01
3.979899497487436655e+00,7.182782989829952780e-02,2.000000000000000000e+00
3.979899497487436655e+00,7.007953510132315655e-02,5.000000000000000000e+00
3.979899497487436655e+00,7.264041762083575660e-02,8.000000000000000000e+00
3.979899497487436655e+00,7.094137056461796709e-02,1.100000000000000000e+01
4.000000000000000000e+00,7.182782989830070741e-02,2.000000000000000000e+00
4.000000000000000000e+00,7.007953510132437780e-02,5.000000000000000000e+00
4.000000000000000000e+00,7.264041762083753295e-02,8.000000000000000000e+00
4.000000000000000000e+00,7.094137056462015978e-02,1.100000000000000000e+01
