0.000000000000000000e+00,2.570166302007237517e-17,0.000000000000000000e+00
0.000000000000000000e+00,2.570166302007237517e-17,1.000000000000000000e+00
0.000000000000000000e+00,2.570166302007237517e-17,3.000000000000000000e+00
0.000000000000000000e+00,2.570166302007237517e-17,4.000000000000000000e+00
0.000000000000000000e+00,2.570166302007237517e-17,9.000000000000000000e+00
0.000000000000000000e+00,2.570166302007237517e-17,1.000000000000000000e+01
0.000000000000000000e+00,2.570166302007237517e-17,1.200000000000000000e+01
0.000000000000000000e+00,2.570166302007237517e-17,1.300000000000000000e+01
2.013422818791945831e-02,2.769979552227673308e-04,0.000000000000000000e+00
2.013422818791945831e-02,1.286572533208147490e-04,1.000000000000000000e+00
2.013422818791945831e-02,1.500085731469671740e-04,3.000000000000000000e+00
2.013422818791945831e-02,9.840591690974465403e-05,4.000000000000000000e+00
2.013422818791945831e-02,1.375978688468920198e-04,9.000000000000000000e+00
2.013422818791945831e-02,3.861417620604820481e-04,1.000000000000000000e+01
2.013422818791945831e-02,1.317708566771156329e-04,1.200000000000000000e+01
2.013422818791945831e-02,1.359095951958671502e-04,1.300000000000000000e+01
4.026845637583891663e-02,8.997967838005648325e-04,0.000000000000000000e+00
4.026845637583891663e-02,6.285164519809062315e-04,1.000000000000000000e+00
4.026845637583891663e-02,6.479602001237036836e-04,3.000000000000000000e+00
4.026845637583891663e-02,5.727046594473367410e-04,4.000000000000000000e+00
4.026845637583891663e-02,6.202256750188570728e-04,9.000000000000000000e+00
4.026845637583891663e-02,1.131219115790304359e-03,1.000000000000000000e+01
4.026845637583891663e-02,6.135564316908705693e-04,1.200000000000000000e+01
4.026845637583891663e-02,6.597425233423768673e-04,1.300000000000000000e+01
6.040268456375839229e-02,1.864877164841952832e-03,0.000000000000000000e+00
6.040268456375839229e-02,1.496709692043970670e-03,1.000000000000000000e+00
6.040268456375839229e-02,1.491013205566483341e-03,3.000000000000000000e+00
6.040268456375839229e-02,1.420156548765829328e-03,4.000000000000000000e+00
6.040268456375839229e-02,1.445123025353993408e-03,9.000000000000000000e+00
6.040268456375839229e-02,2.231033525362506858e-03,1.000000000000000000e+01
6.040268456375839229e-02,1.442604695265389857e-03,1.200000000000000000e+01
6.040268456375839229e-02,1.568492763294973341e-03,1.300000000000000000e+01
8.053691275167783326e-02,3.166760765754701636e-03,0.000000000000000000e+00
8.053691275167783326e-02,2.728260369252352800e-03,1.000000000000000000e+00
8.053691275167783326e-02,2.674353357894763712e-03,3.000000000000000000e+00
8.053691275167783326e-02,2.635882991217470064e-03,4.000000000000000000e+00
8.053691275167783326e-02,2.607569729379991420e-03,9.000000000000000000e+00
8.053691275167783326e-02,3.679344408504178158e-03,1.000000000000000000e+01
8.053691275167783326e-02,2.614181300688265663e-03,1.200000000000000000e+01
8.053691275167783326e-02,2.856949805552306838e-03,1.300000000000000000e+01
1.006711409395972950e-01,4.798030527155715784e-03,0.000000000000000000e+00
1.006711409395972950e-01,4.316099584970059695e-03,1.000000000000000000e+00
1.006711409395972950e-01,4.191209600687587772e-03,3.000000000000000000e+00
1.006711409395972950e-01,4.212884634822025749e-03,4.000000000000000000e+00
1.006711409395972950e-01,4.100899827050977046e-03,9.000000000000000000e+00
1.006711409395972950e-01,5.467891192084729964e-03,1.000000000000000000e+01
1.006711409395972950e-01,4.121585015990855000e-03,1.200000000000000000e+01
1.006711409395972950e-01,4.517715767220853960e-03,1.300000000000000000e+01
1.208053691275167568e-01,6.749359081688354779e-03,0.000000000000000000e+00
1.208053691275167568e-01,6.251090906732519742e-03,1.000000000000000000e+00
1.208053691275167568e-01,6.032877503803511787e-03,3.000000000000000000e+00
1.208053691275167568e-01,6.142068211995351489e-03,4.000000000000000000e+00
1.208053691275167568e-01,5.916523410809222498e-03,9.000000000000000000e+00
1.208053691275167568e-01,7.586424555865046299e-03,1.000000000000000000e+01
1.208053691275167568e-01,5.956170751736493581e-03,1.200000000000000000e+01
1.208053691275167568e-01,6.541231282608053928e-03,1.300000000000000000e+01
1.409395973154362325e-01,9.009546496827627871e-03,0.000000000000000000e+00
1.409395973154362325e-01,8.522064758737299753e-03,1.000000000000000000e+00
1.409395973154362325e-01,8.188751634346905922e-03,3.000000000000000000e+00
1.409395973154362325e-01,8.412283265635362231e-03,4.000000000000000000e+00
1.409395973154362325e-01,8.043957467435787143e-03,9.000000000000000000e+00
1.409395973154362325e-01,1.002274827261927237e-02,1.000000000000000000e+01
1.409395973154362325e-01,8.107381374697965673e-03,1.200000000000000000e+01
1.409395973154362325e-01,8.915811508275263073e-03,1.300000000000000000e+01
1.610738255033556665e-01,1.156556874781739484e-02,0.000000000000000000e+00
1.610738255033556665e-01,1.111586400361490486e-02,1.000000000000000000e+00
1.610738255033556665e-01,1.064636830971176472e-02,3.000000000000000000e+00
1.610738255033556665e-01,1.101037022982868062e-02,4.000000000000000000e+00
1.610738255033556665e-01,1.047086723512398454e-02,9.000000000000000000e+00
1.610738255033556665e-01,1.276277326498668173e-02,1.000000000000000000e+01
1.610738255033556665e-01,1.056278976462390710e-02,1.200000000000000000e+01
1.610738255033556665e-01,1.162769388054776636e-02,1.300000000000000000e+01
1.812080536912751560e-01,1.440263847311790656e-02,0.000000000000000000e+00
1.812080536912751560e-01,1.401740248800647549e-02,1.000000000000000000e+00
1.812080536912751560e-01,1.339146038941338435e-02,3.000000000000000000e+00
1.812080536912751560e-01,1.392122153443770514e-02,4.000000000000000000e+00
1.812080536912751560e-01,1.318311977416773695e-02,9.000000000000000000e+00
1.812080536912751560e-01,1.579058562415894262e-02,1.000000000000000000e+01
1.812080536912751560e-01,1.330815277224969319e-02,1.200000000000000000e+01
1.812080536912751560e-01,1.466109948388814171e-02,1.300000000000000000e+01
2.013422818791945901e-01,1.750427962959218153e-02,0.000000000000000000e+00
2.013422818791945901e-01,1.720973844292329052e-02,1.000000000000000000e+00
2.013422818791945901e-01,1.640802587359064049e-02,3.000000000000000000e+00
2.013422818791945901e-01,1.712785750829791398e-02,4.000000000000000000e+00
2.013422818791945901e-01,1.616485156794896308e-02,9.000000000000000000e+00
2.013422818791945901e-01,1.908853035738827461e-02,1.000000000000000000e+01
2.013422818791945901e-01,1.632747885568431104e-02,1.200000000000000000e+01
2.013422818791945901e-01,1.799831001120539078e-02,1.300000000000000000e+01
2.214765100671140796e-01,1.973059603977809356e-02,0.000000000000000000e+00
2.214765100671140796e-01,2.101287407053295531e-02,1.000000000000000000e+00
2.214765100671140796e-01,2.005093759545932205e-02,3.000000000000000000e+00
2.214765100671140796e-01,2.036547136692950372e-02,4.000000000000000000e+00
2.214765100671140796e-01,1.971855824221898160e-02,9.000000000000000000e+00
2.214765100671140796e-01,2.092141813119959351e-02,1.000000000000000000e+01
2.214765100671140796e-01,1.987761726855038699e-02,1.200000000000000000e+01
2.214765100671140796e-01,2.216328726564406951e-02,1.300000000000000000e+01
2.416107382550335692e-01,2.261540114538333410e-02,0.000000000000000000e+00
2.416107382550335692e-01,2.343438679256603166e-02,1.000000000000000000e+00
2.416107382550335692e-01,2.342771359539927087e-02,3.000000000000000000e+00
2.416107382550335692e-01,2.401206467071109740e-02,4.000000000000000000e+00
2.416107382550335692e-01,2.422241171515776559e-02,9.000000000000000000e+00
2.416107382550335692e-01,2.574683754934665655e-02,1.000000000000000000e+01
2.416107382550335692e-01,2.231570811845058969e-02,1.200000000000000000e+01
2.416107382550335692e-01,2.700927814393642643e-02,1.300000000000000000e+01
2.617449664429529754e-01,2.745906660195511148e-02,0.000000000000000000e+00
2.617449664429529754e-01,2.771759112402382222e-02,1.000000000000000000e+00
2.617449664429529754e-01,2.846233470530058415e-02,3.000000000000000000e+00
2.617449664429529754e-01,2.920815215107672516e-02,4.000000000000000000e+00
2.617449664429529754e-01,2.654438929009940440e-02,9.000000000000000000e+00
2.617449664429529754e-01,2.787935449718903155e-02,1.000000000000000000e+01
2.617449664429529754e-01,2.586211370705205140e-02,1.200000000000000000e+01
2.617449664429529754e-01,2.829333521127685991e-02,1.300000000000000000e+01
2.818791946308724650e-01,3.220296356719858089e-02,0.000000000000000000e+00
2.818791946308724650e-01,3.102008633836523741e-02,1.000000000000000000e+00
2.818791946308724650e-01,3.240868495415579614e-02,3.000000000000000000e+00
2.818791946308724650e-01,3.200409892784456672e-02,4.000000000000000000e+00
2.818791946308724650e-01,3.015454123431983782e-02,9.000000000000000000e+00
2.818791946308724650e-01,3.147200780909262946e-02,1.000000000000000000e+01
2.818791946308724650e-01,3.038066447384785151e-02,1.200000000000000000e+01
2.818791946308724650e-01,3.221807072773640729e-02,1.300000000000000000e+01
3.020134228187919545e-01,3.588173123114627577e-02,0.000000000000000000e+00
3.020134228187919545e-01,3.532488006903364980e-02,1.000000000000000000e+00
3.020134228187919545e-01,3.523154162912733173e-02,3.000000000000000000e+00
3.020134228187919545e-01,3.593291128203712770e-02,4.000000000000000000e+00
3.020134228187919545e-01,3.520765460429278043e-02,9.000000000000000000e+00
3.020134228187919545e-01,3.566554277608951357e-02,1.000000000000000000e+01
3.020134228187919545e-01,3.680553322421856871e-02,1.200000000000000000e+01
3.020134228187919545e-01,3.473336452917458184e-02,1.300000000000000000e+01
3.221476510067113330e-01,3.914060002596949500e-02,0.000000000000000000e+00
3.221476510067113330e-01,3.866289320612115860e-02,1.000000000000000000e+00
3.221476510067113330e-01,4.054687478683807050e-02,3.000000000000000000e+00
3.221476510067113330e-01,3.869050401932945527e-02,4.000000000000000000e+00
3.221476510067113330e-01,3.917900225120245911e-02,9.000000000000000000e+00
3.221476510067113330e-01,4.002633326801860458e-02,1.000000000000000000e+01
3.221476510067113330e-01,3.866185036504323630e-02,1.200000000000000000e+01
3.221476510067113330e-01,4.028814363569348245e-02,1.300000000000000000e+01
3.422818791946308226e-01,4.589151594987777444e-02,0.000000000000000000e+00
3.422818791946308226e-01,4.390096495477081168e-02,1.000000000000000000e+00
3.422818791946308226e-01,4.299874256021594260e-02,3.000000000000000000e+00
3.422818791946308226e-01,4.264573026818683360e-02,4.000000000000000000e+00
3.422818791946308226e-01,4.319457170497303239e-02,9.000000000000000000e+00
3.422818791946308226e-01,4.310540809784429994e-02,1.000000000000000000e+01
3.422818791946308226e-01,4.499011563368373462e-02,1.200000000000000000e+01
3.422818791946308226e-01,4.327683485279782555e-02,1.300000000000000000e+01
3.624161073825503121e-01,5.013309552373138717e-02,0.000000000000000000e+00
3.624161073825503121e-01,4.745736617051515838e-02,1.000000000000000000e+00
3.624161073825503121e-01,4.995879877876095027e-02,3.000000000000000000e+00
3.624161073825503121e-01,4.672452858011220261e-02,4.000000000000000000e+00
3.624161073825503121e-01,4.745257418981211478e-02,9.000000000000000000e+00
3.624161073825503121e-01,4.736022013380850743e-02,1.000000000000000000e+01
3.624161073825503121e-01,4.876670804510808283e-02,1.200000000000000000e+01
3.624161073825503121e-01,4.759586438845760797e-02,1.300000000000000000e+01
3.825503355704697461e-01,5.462974916437649681e-02,0.000000000000000000e+00
3.825503355704697461e-01,5.280742023099486288e-02,1.000000000000000000e+00
3.825503355704697461e-01,5.311511972026929790e-02,3.000000000000000000e+00
3.825503355704697461e-01,5.237233755579936284e-02,4.000000000000000000e+00
3.825503355704697461e-01,5.245503253605698218e-02,9.000000000000000000e+00
3.825503355704697461e-01,5.303506027234645287e-02,1.000000000000000000e+01
3.825503355704697461e-01,5.352823319445115108e-02,1.200000000000000000e+01
3.825503355704697461e-01,5.095112217045082853e-02,1.300000000000000000e+01
4.026845637583891802e-01,5.813811852185638701e-02,0.000000000000000000e+00
4.026845637583891802e-01,5.760679346797411421e-02,1.000000000000000000e+00
4.026845637583891802e-01,5.755101315712087690e-02,3.000000000000000000e+00
4.026845637583891802e-01,5.782406635605712858e-02,4.000000000000000000e+00
4.026845637583891802e-01,5.666779091587036826e-02,9.000000000000000000e+00
4.026845637583891802e-01,5.715066149385635702e-02,1.000000000000000000e+01
4.026845637583891802e-01,5.868108305071848690e-02,1.200000000000000000e+01
4.026845637583891802e-01,5.642975614976538518e-02,1.300000000000000000e+01
4.228187919463087252e-01,6.398384008198866602e-02,0.000000000000000000e+00
4.228187919463087252e-01,6.260260108114934496e-02,1.000000000000000000e+00
4.228187919463087252e-01,6.174646355981795037e-02,3.000000000000000000e+00
4.228187919463087252e-01,6.194729824777569366e-02,4.000000000000000000e+00
4.228187919463087252e-01,6.018240180989755522e-02,9.000000000000000000e+00
4.228187919463087252e-01,6.209795217850532650e-02,1.000000000000000000e+01
4.228187919463087252e-01,6.287097553794968041e-02,1.200000000000000000e+01
4.228187919463087252e-01,6.131214297583603701e-02,1.300000000000000000e+01
4.429530201342281592e-01,6.901276622414921624e-02,0.000000000000000000e+00
4.429530201342281592e-01,6.608850581542878577e-02,1.000000000000000000e+00
4.429530201342281592e-01,6.597725362839094998e-02,3.000000000000000000e+00
4.429530201342281592e-01,6.627025627526417217e-02,4.000000000000000000e+00
4.429530201342281592e-01,6.592729925637474953e-02,9.000000000000000000e+00
4.429530201342281592e-01,6.758823645730759055e-02,1.000000000000000000e+01
4.429530201342281592e-01,6.789687261500686188e-02,1.200000000000000000e+01
4.429530201342281592e-01,6.610248366887057359e-02,1.300000000000000000e+01
4.630872483221477043e-01,7.333362064007067915e-02,0.000000000000000000e+00
4.630872483221477043e-01,7.104068760420011175e-02,1.000000000000000000e+00
4.630872483221477043e-01,7.167025428216124150e-02,3.000000000000000000e+00
4.630872483221477043e-01,7.064842281981968675e-02,4.000000000000000000e+00
4.630872483221477043e-01,6.994367534233923711e-02,9.000000000000000000e+00
4.630872483221477043e-01,7.143182122337393691e-02,1.000000000000000000e+01
4.630872483221477043e-01,7.212048242369402395e-02,1.200000000000000000e+01
4.630872483221477043e-01,7.130084897715806280e-02,1.300000000000000000e+01
4.832214765100671383e-01,7.732738028446595191e-02,0.000000000000000000e+00
4.832214765100671383e-01,7.585990178890190949e-02,1.000000000000000000e+00
4.832214765100671383e-01,7.560661820337100103e-02,3.000000000000000000e+00
4.832214765100671383e-01,7.488131554249059796e-02,4.000000000000000000e+00
4.832214765100671383e-01,7.448247525392658053e-02,9.000000000000000000e+00
4.832214765100671383e-01,7.600015860951576940e-02,1.000000000000000000e+01
4.832214765100671383e-01,7.662353764039396553e-02,1.200000000000000000e+01
4.832214765100671383e-01,7.603590797848543137e-02,1.300000000000000000e+01
5.033557046979865168e-01,8.220417147903090471e-02,0.000000000000000000e+00
5.033557046979865168e-01,8.085020279686265521e-02,1.000000000000000000e+00
5.033557046979865168e-01,7.953202923293710425e-02,3.000000000000000000e+00
5.033557046979865168e-01,8.010040461680410784e-02,4.000000000000000000e+00
5.033557046979865168e-01,7.900591117159712351e-02,9.000000000000000000e+00
5.033557046979865168e-01,8.020549374603203052e-02,1.000000000000000000e+01
5.033557046979865168e-01,8.107117325773278982e-02,1.200000000000000000e+01
5.033557046979865168e-01,7.971014790734241851e-02,1.300000000000000000e+01
5.234899328859059509e-01,8.582027603567271568e-02,0.000000000000000000e+00
5.234899328859059509e-01,8.494092648869915052e-02,1.000000000000000000e+00
5.234899328859059509e-01,8.418352794788597215e-02,3.000000000000000000e+00
5.234899328859059509e-01,8.410283340541113706e-02,4.000000000000000000e+00
5.234899328859059509e-01,8.324388560168104190e-02,9.000000000000000000e+00
5.234899328859059509e-01,8.443025354182083497e-02,1.000000000000000000e+01
5.234899328859059509e-01,8.492957192314552761e-02,1.200000000000000000e+01
5.234899328859059509e-01,8.348852790937810742e-02,1.300000000000000000e+01
5.436241610738254959e-01,9.022853241408324010e-02,0.000000000000000000e+00
5.436241610738254959e-01,8.913918238445311948e-02,1.000000000000000000e+00
5.436241610738254959e-01,8.836933884906324199e-02,3.000000000000000000e+00
5.436241610738254959e-01,8.875601641448094270e-02,4.000000000000000000e+00
5.436241610738254959e-01,8.670217739803977308e-02,9.000000000000000000e+00
5.436241610738254959e-01,8.881795739030821923e-02,1.000000000000000000e+01
5.436241610738254959e-01,8.874105021553953254e-02,1.200000000000000000e+01
5.436241610738254959e-01,8.875979866806216201e-02,1.300000000000000000e+01
5.637583892617449299e-01,9.413667814142982759e-02,0.000000000000000000e+00
5.637583892617449299e-01,9.261903875179959555e-02,1.000000000000000000e+00
5.637583892617449299e-01,9.210001595496157545e-02,3.000000000000000000e+00
5.637583892617449299e-01,9.243025380209919650e-02,4.000000000000000000e+00
5.637583892617449299e-01,9.076149678897778295e-02,9.000000000000000000e+00
5.637583892617449299e-01,9.281660358998479465e-02,1.000000000000000000e+01
5.637583892617449299e-01,9.302654771628926511e-02,1.200000000000000000e+01
5.637583892617449299e-01,9.163081997618301167e-02,1.300000000000000000e+01
5.838926174496643640e-01,9.793046884633897775e-02,0.000000000000000000e+00
5.838926174496643640e-01,9.664224241965031770e-02,1.000000000000000000e+00
5.838926174496643640e-01,9.641147835568934787e-02,3.000000000000000000e+00
5.838926174496643640e-01,9.614390858163875120e-02,4.000000000000000000e+00
5.838926174496643640e-01,9.486253390393371843e-02,9.000000000000000000e+00
5.838926174496643640e-01,9.616882297232597077e-02,1.000000000000000000e+01
5.838926174496643640e-01,9.633655285086950570e-02,1.200000000000000000e+01
5.838926174496643640e-01,9.629939635134927844e-02,1.300000000000000000e+01
6.040268456375839090e-01,1.017033200479332544e-01,0.000000000000000000e+00
6.040268456375839090e-01,1.005481991721613455e-01,1.000000000000000000e+00
6.040268456375839090e-01,1.006477514914153742e-01,3.000000000000000000e+00
6.040268456375839090e-01,1.000575699662078905e-01,4.000000000000000000e+00
6.040268456375839090e-01,9.873892174400371313e-02,9.000000000000000000e+00
6.040268456375839090e-01,1.001320508691038863e-01,1.000000000000000000e+01
6.040268456375839090e-01,9.992772496081760158e-02,1.200000000000000000e+01
6.040268456375839090e-01,9.989066413179115145e-02,1.300000000000000000e+01
6.241610738255033430e-01,1.050870196467376533e-01,0.000000000000000000e+00
6.241610738255033430e-01,1.043112084645097526e-01,1.000000000000000000e+00
6.241610738255033430e-01,1.041609697023383463e-01,3.000000000000000000e+00
6.241610738255033430e-01,1.040374960347873606e-01,4.000000000000000000e+00
6.241610738255033430e-01,1.024189006071670599e-01,9.000000000000000000e+00
6.241610738255033430e-01,1.035352016802835728e-01,1.000000000000000000e+01
6.241610738255033430e-01,1.045322055309735876e-01,1.200000000000000000e+01
6.241610738255033430e-01,1.035885968838181626e-01,1.300000000000000000e+01
6.442953020134227771e-01,1.088990236789528082e-01,0.000000000000000000e+00
6.442953020134227771e-01,1.087196517637257775e-01,1.000000000000000000e+00
6.442953020134227771e-01,1.074229152376974111e-01,3.000000000000000000e+00
6.442953020134227771e-01,1.071487455381703868e-01,4.000000000000000000e+00
6.442953020134227771e-01,1.060916199166586082e-01,9.000000000000000000e+00
6.442953020134227771e-01,1.072453453188823430e-01,1.000000000000000000e+01
6.442953020134227771e-01,1.076333849610294907e-01,1.200000000000000000e+01
6.442953020134227771e-01,1.073535520039108765e-01,1.300000000000000000e+01
6.644295302013422111e-01,1.120347793383354995e-01,0.000000000000000000e+00
6.644295302013422111e-01,1.118016805127236141e-01,1.000000000000000000e+00
6.644295302013422111e-01,1.102889024416326968e-01,3.000000000000000000e+00
6.644295302013422111e-01,1.107926909377994901e-01,4.000000000000000000e+00
6.644295302013422111e-01,1.089916136018128645e-01,9.000000000000000000e+00
6.644295302013422111e-01,1.106350156562303649e-01,1.000000000000000000e+01
6.644295302013422111e-01,1.108860145769418465e-01,1.200000000000000000e+01
6.644295302013422111e-01,1.103372351907559584e-01,1.300000000000000000e+01
6.845637583892616451e-01,1.147891235631452594e-01,0.000000000000000000e+00
6.845637583892616451e-01,1.147022668544106089e-01,1.000000000000000000e+00
6.845637583892616451e-01,1.129133191380630868e-01,3.000000000000000000e+00
6.845637583892616451e-01,1.136341018438717376e-01,4.000000000000000000e+00
6.845637583892616451e-01,1.119985724815428935e-01,9.000000000000000000e+00
6.845637583892616451e-01,1.136376268345365287e-01,1.000000000000000000e+01
6.845637583892616451e-01,1.136510487234170252e-01,1.200000000000000000e+01
6.845637583892616451e-01,1.128413695618116636e-01,1.300000000000000000e+01
7.046979865771811902e-01,1.172789306871007825e-01,0.000000000000000000e+00
7.046979865771811902e-01,1.174498776177108628e-01,1.000000000000000000e+00
7.046979865771811902e-01,1.156852281813792876e-01,3.000000000000000000e+00
7.046979865771811902e-01,1.163609460838933435e-01,4.000000000000000000e+00
7.046979865771811902e-01,1.147236196414998660e-01,9.000000000000000000e+00
7.046979865771811902e-01,1.162671900844861606e-01,1.000000000000000000e+01
7.046979865771811902e-01,1.166714539980120008e-01,1.200000000000000000e+01
7.046979865771811902e-01,1.157985550795217478e-01,1.300000000000000000e+01
7.248322147651006242e-01,1.198108839398101672e-01,0.000000000000000000e+00
7.248322147651006242e-01,1.201084310491026819e-01,1.000000000000000000e+00
7.248322147651006242e-01,1.183499267472459121e-01,3.000000000000000000e+00
7.248322147651006242e-01,1.191634950514647295e-01,4.000000000000000000e+00
7.248322147651006242e-01,1.176142293530332977e-01,9.000000000000000000e+00
7.248322147651006242e-01,1.194830463451151403e-01,1.000000000000000000e+01
7.248322147651006242e-01,1.191672825801144975e-01,1.200000000000000000e+01
7.248322147651006242e-01,1.182274849746280526e-01,1.300000000000000000e+01
7.449664429530199472e-01,1.222633370229130184e-01,0.000000000000000000e+00
7.449664429530199472e-01,1.228456055404157504e-01,1.000000000000000000e+00
7.449664429530199472e-01,1.207913281810345935e-01,3.000000000000000000e+00
7.449664429530199472e-01,1.214592009885820251e-01,4.000000000000000000e+00
7.449664429530199472e-01,1.198416755055796007e-01,9.000000000000000000e+00
7.449664429530199472e-01,1.221001860447549353e-01,1.000000000000000000e+01
7.449664429530199472e-01,1.216602404057994108e-01,1.200000000000000000e+01
7.449664429530199472e-01,1.206193815995735275e-01,1.300000000000000000e+01
7.651006711409394923e-01,1.239897687835157525e-01,0.000000000000000000e+00
7.651006711409394923e-01,1.252578810633618311e-01,1.000000000000000000e+00
7.651006711409394923e-01,1.230781446564360865e-01,3.000000000000000000e+00
7.651006711409394923e-01,1.233971267029548707e-01,4.000000000000000000e+00
7.651006711409394923e-01,1.221798823145332918e-01,9.000000000000000000e+00
7.651006711409394923e-01,1.244771083211439616e-01,1.000000000000000000e+01
7.651006711409394923e-01,1.239864476564987578e-01,1.200000000000000000e+01
7.651006711409394923e-01,1.228738134889544725e-01,1.300000000000000000e+01
7.852348993288590373e-01,1.264080237373571836e-01,0.000000000000000000e+00
7.852348993288590373e-01,1.270161564797891163e-01,1.000000000000000000e+00
7.852348993288590373e-01,1.250970818807846108e-01,3.000000000000000000e+00
7.852348993288590373e-01,1.256420688131220098e-01,4.000000000000000000e+00
7.852348993288590373e-01,1.242787008961124678e-01,9.000000000000000000e+00
7.852348993288590373e-01,1.261528105997876958e-01,1.000000000000000000e+01
7.852348993288590373e-01,1.259894663009183680e-01,1.200000000000000000e+01
7.852348993288590373e-01,1.249800742999705866e-01,1.300000000000000000e+01
8.053691275167783603e-01,1.282564318137525139e-01,0.000000000000000000e+00
8.053691275167783603e-01,1.292685551557979096e-01,1.000000000000000000e+00
8.053691275167783603e-01,1.272043499874625783e-01,3.000000000000000000e+00
8.053691275167783603e-01,1.278063228825987441e-01,4.000000000000000000e+00
8.053691275167783603e-01,1.261857910159548679e-01,9.000000000000000000e+00
8.053691275167783603e-01,1.283123085325013901e-01,1.000000000000000000e+01
8.053691275167783603e-01,1.274889338156050267e-01,1.200000000000000000e+01
8.053691275167783603e-01,1.268677871269242863e-01,1.300000000000000000e+01
8.255033557046979054e-01,1.297443733639177255e-01,0.000000000000000000e+00
8.255033557046979054e-01,1.313586347139613641e-01,1.000000000000000000e+00
8.255033557046979054e-01,1.286112169870859134e-01,3.000000000000000000e+00
8.255033557046979054e-01,1.297040472395661614e-01,4.000000000000000000e+00
8.255033557046979054e-01,1.275439079669975495e-01,9.000000000000000000e+00
8.255033557046979054e-01,1.302977551110744703e-01,1.000000000000000000e+01
8.255033557046979054e-01,1.291324289879045295e-01,1.200000000000000000e+01
8.255033557046979054e-01,1.288396016073435346e-01,1.300000000000000000e+01
8.456375838926172284e-01,1.310482602974440691e-01,0.000000000000000000e+00
8.456375838926172284e-01,1.329276140863678568e-01,1.000000000000000000e+00
8.456375838926172284e-01,1.302329417288707047e-01,3.000000000000000000e+00
8.456375838926172284e-01,1.315033316474602254e-01,4.000000000000000000e+00
8.456375838926172284e-01,1.290402670435438492e-01,9.000000000000000000e+00
8.456375838926172284e-01,1.320442273752961415e-01,1.000000000000000000e+01
8.456375838926172284e-01,1.307745366463586301e-01,1.200000000000000000e+01
8.456375838926172284e-01,1.305828477588298620e-01,1.300000000000000000e+01
8.657718120805369955e-01,1.326508082221652118e-01,0.000000000000000000e+00
8.657718120805369955e-01,1.346190244675649350e-01,1.000000000000000000e+00
8.657718120805369955e-01,1.315512214101149935e-01,3.000000000000000000e+00
8.657718120805369955e-01,1.330427078783646411e-01,4.000000000000000000e+00
8.657718120805369955e-01,1.304044820738326782e-01,9.000000000000000000e+00
8.657718120805369955e-01,1.335294911949859442e-01,1.000000000000000000e+01
8.657718120805369955e-01,1.321078939833850163e-01,1.200000000000000000e+01
8.657718120805369955e-01,1.321458476223577871e-01,1.300000000000000000e+01
8.859060402684563185e-01,1.335424830843232880e-01,0.000000000000000000e+00
8.859060402684563185e-01,1.356651194455777421e-01,1.000000000000000000e+00
8.859060402684563185e-01,1.327109379847419002e-01,3.000000000000000000e+00
8.859060402684563185e-01,1.341128565273904949e-01,4.000000000000000000e+00
8.859060402684563185e-01,1.318016388508710113e-01,9.000000000000000000e+00
8.859060402684563185e-01,1.347499941111599819e-01,1.000000000000000000e+01
8.859060402684563185e-01,1.332664506015856232e-01,1.200000000000000000e+01
8.859060402684563185e-01,1.333589463689740795e-01,1.300000000000000000e+01
9.060402684563756415e-01,1.346387495621735042e-01,0.000000000000000000e+00
9.060402684563756415e-01,1.371654274930399764e-01,1.000000000000000000e+00
9.060402684563756415e-01,1.338718006748746137e-01,3.000000000000000000e+00
9.060402684563756415e-01,1.353250896831131589e-01,4.000000000000000000e+00
9.060402684563756415e-01,1.331056452250981847e-01,9.000000000000000000e+00
9.060402684563756415e-01,1.358584351326949935e-01,1.000000000000000000e+01
9.060402684563756415e-01,1.343952585619253293e-01,1.200000000000000000e+01
9.060402684563756415e-01,1.345294321436069918e-01,1.300000000000000000e+01
9.261744966442954086e-01,1.358123912113943510e-01,0.000000000000000000e+00
9.261744966442954086e-01,1.381391521238522768e-01,1.000000000000000000e+00
9.261744966442954086e-01,1.351009131800772201e-01,3.000000000000000000e+00
9.261744966442954086e-01,1.363763486583033091e-01,4.000000000000000000e+00
9.261744966442954086e-01,1.342414929999694861e-01,9.000000000000000000e+00
9.261744966442954086e-01,1.369397050736933519e-01,1.000000000000000000e+01
9.261744966442954086e-01,1.354226211432231208e-01,1.200000000000000000e+01
9.261744966442954086e-01,1.356834928672940033e-01,1.300000000000000000e+01
9.463087248322147316e-01,1.366558089528752129e-01,0.000000000000000000e+00
9.463087248322147316e-01,1.390567008450500075e-01,1.000000000000000000e+00
9.463087248322147316e-01,1.359786627696528694e-01,3.000000000000000000e+00
9.463087248322147316e-01,1.371242682360195586e-01,4.000000000000000000e+00
9.463087248322147316e-01,1.349436979035620598e-01,9.000000000000000000e+00
9.463087248322147316e-01,1.378648744453559172e-01,1.000000000000000000e+01
9.463087248322147316e-01,1.363985721803061268e-01,1.200000000000000000e+01
9.463087248322147316e-01,1.365933549263374513e-01,1.300000000000000000e+01
9.664429530201340546e-01,1.375801407729355386e-01,0.000000000000000000e+00
9.664429530201340546e-01,1.399356613159553897e-01,1.000000000000000000e+00
9.664429530201340546e-01,1.367631212738864288e-01,3.000000000000000000e+00
9.664429530201340546e-01,1.381375528971363897e-01,4.000000000000000000e+00
9.664429530201340546e-01,1.357849503666571922e-01,9.000000000000000000e+00
9.664429530201340546e-01,1.384961135385655295e-01,1.000000000000000000e+01
9.664429530201340546e-01,1.370783716759098880e-01,1.200000000000000000e+01
9.664429530201340546e-01,1.375007697707927579e-01,1.300000000000000000e+01
9.865771812080537106e-01,1.380543440212836648e-01,0.000000000000000000e+00
9.865771812080537106e-01,1.407271329538524463e-01,1.000000000000000000e+00
9.865771812080537106e-01,1.373131993102358894e-01,3.000000000000000000e+00
9.865771812080537106e-01,1.388789425379169107e-01,4.000000000000000000e+00
9.865771812080537106e-01,1.364539643921512113e-01,9.000000000000000000e+00
9.865771812080537106e-01,1.393278780577703602e-01,1.000000000000000000e+01
9.865771812080537106e-01,1.376979512635133351e-01,1.200000000000000000e+01
9.865771812080537106e-01,1.384617962839999328e-01,1.300000000000000000e+01
1.006711409395973034e+00,1.387365607026715686e-01,0.000000000000000000e+00
1.006711409395973034e+00,1.413277597441418010e-01,1.000000000000000000e+00
1.006711409395973034e+00,1.381273970333641021e-01,3.000000000000000000e+00
1.006711409395973034e+00,1.393733095877458805e-01,4.000000000000000000e+00
1.006711409395973034e+00,1.373341604536900962e-01,9.000000000000000000e+00
1.006711409395973034e+00,1.399724521388268916e-01,1.000000000000000000e+01
1.006711409395973034e+00,1.383812240851609865e-01,1.200000000000000000e+01
1.006711409395973034e+00,1.387703845079724108e-01,1.300000000000000000e+01
1.026845637583892357e+00,1.393999694635113251e-01,0.000000000000000000e+00
1.026845637583892357e+00,1.418169083090575211e-01,1.000000000000000000e+00
1.026845637583892357e+00,1.386572706816652512e-01,3.000000000000000000e+00
1.026845637583892357e+00,1.399793102485266116e-01,4.000000000000000000e+00
1.026845637583892357e+00,1.379122453273524951e-01,9.000000000000000000e+00
1.026845637583892357e+00,1.404154297168915544e-01,1.000000000000000000e+01
1.026845637583892357e+00,1.389037082345575824e-01,1.200000000000000000e+01
1.026845637583892357e+00,1.394861751605493139e-01,1.300000000000000000e+01
1.046979865771811902e+00,1.399118339344689876e-01,0.000000000000000000e+00
1.046979865771811902e+00,1.421500422535487973e-01,1.000000000000000000e+00
1.046979865771811902e+00,1.391082468732468824e-01,3.000000000000000000e+00
1.046979865771811902e+00,1.404175046908682223e-01,4.000000000000000000e+00
1.046979865771811902e+00,1.383561357999179009e-01,9.000000000000000000e+00
1.046979865771811902e+00,1.407716424462793492e-01,1.000000000000000000e+01
1.046979865771811902e+00,1.393794118512932667e-01,1.200000000000000000e+01
1.046979865771811902e+00,1.399854655108623003e-01,1.300000000000000000e+01
1.067114093959731447e+00,1.402471047285696326e-01,0.000000000000000000e+00
1.067114093959731447e+00,1.426648407355753378e-01,1.000000000000000000e+00
1.067114093959731447e+00,1.394857381807902419e-01,3.000000000000000000e+00
1.067114093959731447e+00,1.409100546930452669e-01,4.000000000000000000e+00
1.067114093959731447e+00,1.387780740704042115e-01,9.000000000000000000e+00
1.067114093959731447e+00,1.411948080299003094e-01,1.000000000000000000e+01
1.067114093959731447e+00,1.397203824757569102e-01,1.200000000000000000e+01
1.067114093959731447e+00,1.404123268569708316e-01,1.300000000000000000e+01
1.087248322147650770e+00,1.406172029101475929e-01,0.000000000000000000e+00
1.087248322147650770e+00,1.429466967504146591e-01,1.000000000000000000e+00
1.087248322147650770e+00,1.397917182882008336e-01,3.000000000000000000e+00
1.087248322147650770e+00,1.413546153879472189e-01,4.000000000000000000e+00
1.087248322147650770e+00,1.391590893324142486e-01,9.000000000000000000e+00
1.087248322147650770e+00,1.414981689522362973e-01,1.000000000000000000e+01
1.087248322147650770e+00,1.400221908549411365e-01,1.200000000000000000e+01
1.087248322147650770e+00,1.408154134320662443e-01,1.300000000000000000e+01
1.107382550335570315e+00,1.408906125890467820e-01,0.000000000000000000e+00
1.107382550335570315e+00,1.432807096586998508e-01,1.000000000000000000e+00
1.107382550335570315e+00,1.401539667126261157e-01,3.000000000000000000e+00
1.107382550335570315e+00,1.416482438156322077e-01,4.000000000000000000e+00
1.107382550335570315e+00,1.394832292408096919e-01,9.000000000000000000e+00
1.107382550335570315e+00,1.417967797959646947e-01,1.000000000000000000e+01
1.107382550335570315e+00,1.402958883924408928e-01,1.200000000000000000e+01
1.107382550335570315e+00,1.411253511924672466e-01,1.300000000000000000e+01
1.127516778523489860e+00,1.411548824383666856e-01,0.000000000000000000e+00
1.127516778523489860e+00,1.435648267654350552e-01,1.000000000000000000e+00
1.127516778523489860e+00,1.404520422806489754e-01,3.000000000000000000e+00
1.127516778523489860e+00,1.419267438835816741e-01,4.000000000000000000e+00
1.127516778523489860e+00,1.397296299359866711e-01,9.000000000000000000e+00
1.127516778523489860e+00,1.420368632028882749e-01,1.000000000000000000e+01
1.127516778523489860e+00,1.406117719443220893e-01,1.200000000000000000e+01
1.127516778523489860e+00,1.414329682163611435e-01,1.300000000000000000e+01
1.147651006711409405e+00,1.413619053308375062e-01,0.000000000000000000e+00
1.147651006711409405e+00,1.438501124881862714e-01,1.000000000000000000e+00
1.147651006711409405e+00,1.407067283356416010e-01,3.000000000000000000e+00
1.147651006711409405e+00,1.422115712965784928e-01,4.000000000000000000e+00
1.147651006711409405e+00,1.399681494146184646e-01,9.000000000000000000e+00
1.147651006711409405e+00,1.423186185622456745e-01,1.000000000000000000e+01
1.147651006711409405e+00,1.408734076235131083e-01,1.200000000000000000e+01
1.147651006711409405e+00,1.416555177900523932e-01,1.300000000000000000e+01
1.167785234899328728e+00,1.415313547311552178e-01,0.000000000000000000e+00
1.167785234899328728e+00,1.440479191905455758e-01,1.000000000000000000e+00
1.167785234899328728e+00,1.408717398553791522e-01,3.000000000000000000e+00
1.167785234899328728e+00,1.423927787413306889e-01,4.000000000000000000e+00
1.167785234899328728e+00,1.401609688369060414e-01,9.000000000000000000e+00
1.167785234899328728e+00,1.425115099740925928e-01,1.000000000000000000e+01
1.167785234899328728e+00,1.410430882208384695e-01,1.200000000000000000e+01
1.167785234899328728e+00,1.418772332320380192e-01,1.300000000000000000e+01
1.187919463087248273e+00,1.415881333616354210e-01,0.000000000000000000e+00
1.187919463087248273e+00,1.442383983969718619e-01,1.000000000000000000e+00
1.187919463087248273e+00,1.409758447270680337e-01,3.000000000000000000e+00
1.187919463087248273e+00,1.426663961462676100e-01,4.000000000000000000e+00
1.187919463087248273e+00,1.402827580433093912e-01,9.000000000000000000e+00
1.187919463087248273e+00,1.427765606652519337e-01,1.000000000000000000e+01
1.187919463087248273e+00,1.411216983959324434e-01,1.200000000000000000e+01
1.187919463087248273e+00,1.421021972182023030e-01,1.300000000000000000e+01
1.208053691275167818e+00,1.416659225235925856e-01,0.000000000000000000e+00
1.208053691275167818e+00,1.444564206464406253e-01,1.000000000000000000e+00
1.208053691275167818e+00,1.411317037056881440e-01,3.000000000000000000e+00
1.208053691275167818e+00,1.428484534861148847e-01,4.000000000000000000e+00
1.208053691275167818e+00,1.404553423923140254e-01,9.000000000000000000e+00
1.208053691275167818e+00,1.428718506501925056e-01,1.000000000000000000e+01
1.208053691275167818e+00,1.412963365258450843e-01,1.200000000000000000e+01
1.208053691275167818e+00,1.422648006295994250e-01,1.300000000000000000e+01
1.228187919463087141e+00,1.417416293746207312e-01,0.000000000000000000e+00
1.228187919463087141e+00,1.446047648091909610e-01,1.000000000000000000e+00
1.228187919463087141e+00,1.412354567992192833e-01,3.000000000000000000e+00
1.228187919463087141e+00,1.429942568020879656e-01,4.000000000000000000e+00
1.228187919463087141e+00,1.405025179039340044e-01,9.000000000000000000e+00
1.228187919463087141e+00,1.430084474659828186e-01,1.000000000000000000e+01
1.228187919463087141e+00,1.412912583027174096e-01,1.200000000000000000e+01
1.228187919463087141e+00,1.424246524906989386e-01,1.300000000000000000e+01
1.248322147651006686e+00,1.418080770306145433e-01,0.000000000000000000e+00
1.248322147651006686e+00,1.446954774936810850e-01,1.000000000000000000e+00
1.248322147651006686e+00,1.413456920333706623e-01,3.000000000000000000e+00
1.248322147651006686e+00,1.431362142227753653e-01,4.000000000000000000e+00
1.248322147651006686e+00,1.405910040359545643e-01,9.000000000000000000e+00
1.248322147651006686e+00,1.431004089852123129e-01,1.000000000000000000e+01
1.248322147651006686e+00,1.413302769683700000e-01,1.200000000000000000e+01
1.248322147651006686e+00,1.425426539492821998e-01,1.300000000000000000e+01
1.268456375838926009e+00,1.418920945783759269e-01,0.000000000000000000e+00
1.268456375838926009e+00,1.447169408114804545e-01,1.000000000000000000e+00
1.268456375838926009e+00,1.414681424220421702e-01,3.000000000000000000e+00
1.268456375838926009e+00,1.431673535901825389e-01,4.000000000000000000e+00
1.268456375838926009e+00,1.406890874882585074e-01,9.000000000000000000e+00
1.268456375838926009e+00,1.431267136640720916e-01,1.000000000000000000e+01
1.268456375838926009e+00,1.414072817486869693e-01,1.200000000000000000e+01
1.268456375838926009e+00,1.426011403815055090e-01,1.300000000000000000e+01
1.288590604026845554e+00,1.419501849852549957e-01,0.000000000000000000e+00
1.288590604026845554e+00,1.448134020142830825e-01,1.000000000000000000e+00
1.288590604026845554e+00,1.415231852847189942e-01,3.000000000000000000e+00
1.288590604026845554e+00,1.432595749279960418e-01,4.000000000000000000e+00
1.288590604026845554e+00,1.407838046952440969e-01,9.000000000000000000e+00
1.288590604026845554e+00,1.432206904659473756e-01,1.000000000000000000e+01
1.288590604026845554e+00,1.414664232321438952e-01,1.200000000000000000e+01
1.288590604026845554e+00,1.426635339866552388e-01,1.300000000000000000e+01
1.308724832214765099e+00,1.420425578866556515e-01,0.000000000000000000e+00
1.308724832214765099e+00,1.448310722457425981e-01,1.000000000000000000e+00
1.308724832214765099e+00,1.415999368621973509e-01,3.000000000000000000e+00
1.308724832214765099e+00,1.432605284590487693e-01,4.000000000000000000e+00
1.308724832214765099e+00,1.408421772754974155e-01,9.000000000000000000e+00
1.308724832214765099e+00,1.432419402308429957e-01,1.000000000000000000e+01
1.308724832214765099e+00,1.415660913919394026e-01,1.200000000000000000e+01
1.308724832214765099e+00,1.426774076806384961e-01,1.300000000000000000e+01
1.328859060402684422e+00,1.420769331180012640e-01,0.000000000000000000e+00
1.328859060402684422e+00,1.449199356925586213e-01,1.000000000000000000e+00
1.328859060402684422e+00,1.416422952852070816e-01,3.000000000000000000e+00
1.328859060402684422e+00,1.433378390221970167e-01,4.000000000000000000e+00
1.328859060402684422e+00,1.408888275111358779e-01,9.000000000000000000e+00
1.328859060402684422e+00,1.432922992755969183e-01,1.000000000000000000e+01
1.328859060402684422e+00,1.416260169834749061e-01,1.200000000000000000e+01
1.328859060402684422e+00,1.427667411445883439e-01,1.300000000000000000e+01
1.348993288590603967e+00,1.421268994076742009e-01,0.000000000000000000e+00
1.348993288590603967e+00,1.449787187363847096e-01,1.000000000000000000e+00
1.348993288590603967e+00,1.416927533145791729e-01,3.000000000000000000e+00
1.348993288590603967e+00,1.434067052251652707e-01,4.000000000000000000e+00
1.348993288590603967e+00,1.409357915353649793e-01,9.000000000000000000e+00
1.348993288590603967e+00,1.433371775697031281e-01,1.000000000000000000e+01
1.348993288590603967e+00,1.416839364757190023e-01,1.200000000000000000e+01
1.348993288590603967e+00,1.428170068043061736e-01,1.300000000000000000e+01
1.369127516778523290e+00,1.421705834785949307e-01,0.000000000000000000e+00
1.369127516778523290e+00,1.449977131758652671e-01,1.000000000000000000e+00
1.369127516778523290e+00,1.417760543613904856e-01,3.000000000000000000e+00
1.369127516778523290e+00,1.434249390081614173e-01,4.000000000000000000e+00
1.369127516778523290e+00,1.409917087854744289e-01,9.000000000000000000e+00
1.369127516778523290e+00,1.433568158863851860e-01,1.000000000000000000e+01
1.369127516778523290e+00,1.417277965553677965e-01,1.200000000000000000e+01
1.369127516778523290e+00,1.428304409823434318e-01,1.300000000000000000e+01
1.389261744966442835e+00,1.422268819688776997e-01,0.000000000000000000e+00
1.389261744966442835e+00,1.450024950783374289e-01,1.000000000000000000e+00
1.389261744966442835e+00,1.417935525715796341e-01,3.000000000000000000e+00
1.389261744966442835e+00,1.434403936854094230e-01,4.000000000000000000e+00
1.389261744966442835e+00,1.410058726091304726e-01,9.000000000000000000e+00
1.389261744966442835e+00,1.433834285495843019e-01,1.000000000000000000e+01
1.389261744966442835e+00,1.417559584595249056e-01,1.200000000000000000e+01
1.389261744966442835e+00,1.428633683815707933e-01,1.300000000000000000e+01
1.409395973154362380e+00,1.422774793676734595e-01,0.000000000000000000e+00
1.409395973154362380e+00,1.450287691826601666e-01,1.000000000000000000e+00
1.409395973154362380e+00,1.418371237431393095e-01,3.000000000000000000e+00
1.409395973154362380e+00,1.434647498998483373e-01,4.000000000000000000e+00
1.409395973154362380e+00,1.410464172673954464e-01,9.000000000000000000e+00
1.409395973154362380e+00,1.434014889615151389e-01,1.000000000000000000e+01
1.409395973154362380e+00,1.418093661662958860e-01,1.200000000000000000e+01
1.409395973154362380e+00,1.428794271605791644e-01,1.300000000000000000e+01
1.429530201342281703e+00,1.423078725956272717e-01,0.000000000000000000e+00
1.429530201342281703e+00,1.450291465342956332e-01,1.000000000000000000e+00
1.429530201342281703e+00,1.418479045475195266e-01,3.000000000000000000e+00
1.429530201342281703e+00,1.434758572531387166e-01,4.000000000000000000e+00
1.429530201342281703e+00,1.410719960820620567e-01,9.000000000000000000e+00
1.429530201342281703e+00,1.434122577645205732e-01,1.000000000000000000e+01
1.429530201342281703e+00,1.418380252483581461e-01,1.200000000000000000e+01
1.429530201342281703e+00,1.428971437788019994e-01,1.300000000000000000e+01
1.449664429530201248e+00,1.423113587171944694e-01,0.000000000000000000e+00
1.449664429530201248e+00,1.450185317482054204e-01,1.000000000000000000e+00
1.449664429530201248e+00,1.418590675849253635e-01,3.000000000000000000e+00
1.449664429530201248e+00,1.434747569717709226e-01,4.000000000000000000e+00
1.449664429530201248e+00,1.410867540717982704e-01,9.000000000000000000e+00
1.449664429530201248e+00,1.434067698601368401e-01,1.000000000000000000e+01
1.449664429530201248e+00,1.418596745417476657e-01,1.200000000000000000e+01
1.449664429530201248e+00,1.428895617812944441e-01,1.300000000000000000e+01
1.469798657718120793e+00,1.423255947370386798e-01,0.000000000000000000e+00
1.469798657718120793e+00,1.450453877167301175e-01,1.000000000000000000e+00
1.469798657718120793e+00,1.418715237741350055e-01,3.000000000000000000e+00
1.469798657718120793e+00,1.435103345909384542e-01,4.000000000000000000e+00
1.469798657718120793e+00,1.410899383142052432e-01,9.000000000000000000e+00
1.469798657718120793e+00,1.434389747417402494e-01,1.000000000000000000e+01
1.469798657718120793e+00,1.418715193370048977e-01,1.200000000000000000e+01
1.469798657718120793e+00,1.429158569348492613e-01,1.300000000000000000e+01
1.489932885906039894e+00,1.423384767437614606e-01,0.000000000000000000e+00
1.489932885906039894e+00,1.450461275856714249e-01,1.000000000000000000e+00
1.489932885906039894e+00,1.418778316062002387e-01,3.000000000000000000e+00
1.489932885906039894e+00,1.435198863410360459e-01,4.000000000000000000e+00
1.489932885906039894e+00,1.411053925578939217e-01,9.000000000000000000e+00
1.489932885906039894e+00,1.434489790280447374e-01,1.000000000000000000e+01
1.489932885906039894e+00,1.418861528059341959e-01,1.200000000000000000e+01
1.489932885906039894e+00,1.429157688065321452e-01,1.300000000000000000e+01
1.510067114093959662e+00,1.423458023776760506e-01,0.000000000000000000e+00
1.510067114093959662e+00,1.450561984157582029e-01,1.000000000000000000e+00
1.510067114093959662e+00,1.418739335280932712e-01,3.000000000000000000e+00
1.510067114093959662e+00,1.435391557145548058e-01,4.000000000000000000e+00
1.510067114093959662e+00,1.411022238955343122e-01,9.000000000000000000e+00
1.510067114093959662e+00,1.434768383370016165e-01,1.000000000000000000e+01
1.510067114093959662e+00,1.418840445641366410e-01,1.200000000000000000e+01
1.510067114093959662e+00,1.429348918726142115e-01,1.300000000000000000e+01
1.530201342281879207e+00,1.423442197400417442e-01,0.000000000000000000e+00
1.530201342281879207e+00,1.450672827254734232e-01,1.000000000000000000e+00
1.530201342281879207e+00,1.418827759951279688e-01,3.000000000000000000e+00
1.530201342281879207e+00,1.435445909553540178e-01,4.000000000000000000e+00
1.530201342281879207e+00,1.411021403107502736e-01,9.000000000000000000e+00
1.530201342281879207e+00,1.434915496173771732e-01,1.000000000000000000e+01
1.530201342281879207e+00,1.418822449373101369e-01,1.200000000000000000e+01
1.530201342281879207e+00,1.429508967231689631e-01,1.300000000000000000e+01
1.550335570469798308e+00,1.423487080627036383e-01,0.000000000000000000e+00
1.550335570469798308e+00,1.450739548310101823e-01,1.000000000000000000e+00
1.550335570469798308e+00,1.418868739720929029e-01,3.000000000000000000e+00
1.550335570469798308e+00,1.435477382448681616e-01,4.000000000000000000e+00
1.550335570469798308e+00,1.411242554469567534e-01,9.000000000000000000e+00
1.550335570469798308e+00,1.434942568802300145e-01,1.000000000000000000e+01
1.550335570469798308e+00,1.418876862176625675e-01,1.200000000000000000e+01
1.550335570469798308e+00,1.429615152447764326e-01,1.300000000000000000e+01
1.570469798657718075e+00,1.423490522832669691e-01,0.000000000000000000e+00
1.570469798657718075e+00,1.450919364078547824e-01,1.000000000000000000e+00
1.570469798657718075e+00,1.418965865323984221e-01,3.000000000000000000e+00
1.570469798657718075e+00,1.435656444213288252e-01,4.000000000000000000e+00
1.570469798657718075e+00,1.411244651937348937e-01,9.000000000000000000e+00
1.570469798657718075e+00,1.435120853765039228e-01,1.000000000000000000e+01
1.570469798657718075e+00,1.418877290360738008e-01,1.200000000000000000e+01
1.570469798657718075e+00,1.429711344376323467e-01,1.300000000000000000e+01
1.590604026845637176e+00,1.423527722496177594e-01,0.000000000000000000e+00
1.590604026845637176e+00,1.450906260591915131e-01,1.000000000000000000e+00
1.590604026845637176e+00,1.418999771018913392e-01,3.000000000000000000e+00
1.590604026845637176e+00,1.435645602054827219e-01,4.000000000000000000e+00
1.590604026845637176e+00,1.411279533474385783e-01,9.000000000000000000e+00
1.590604026845637176e+00,1.435111404344643071e-01,1.000000000000000000e+01
1.590604026845637176e+00,1.418997526665641551e-01,1.200000000000000000e+01
1.590604026845637176e+00,1.429696078513183755e-01,1.300000000000000000e+01
1.610738255033556721e+00,1.423577641022499563e-01,0.000000000000000000e+00
1.610738255033556721e+00,1.450866141293643274e-01,1.000000000000000000e+00
1.610738255033556721e+00,1.419050957448224626e-01,3.000000000000000000e+00
1.610738255033556721e+00,1.435608917996109568e-01,4.000000000000000000e+00
1.610738255033556721e+00,1.411425146246825524e-01,9.000000000000000000e+00
1.610738255033556721e+00,1.435074341354120042e-01,1.000000000000000000e+01
1.610738255033556721e+00,1.419141894563657746e-01,1.200000000000000000e+01
1.610738255033556721e+00,1.429663504426520737e-01,1.300000000000000000e+01
1.630872483221476488e+00,1.423575230475954967e-01,0.000000000000000000e+00
1.630872483221476488e+00,1.450866494161387188e-01,1.000000000000000000e+00
1.630872483221476488e+00,1.419047952221489661e-01,3.000000000000000000e+00
1.630872483221476488e+00,1.435605677064607788e-01,4.000000000000000000e+00
1.630872483221476488e+00,1.411420508678229713e-01,9.000000000000000000e+00
1.630872483221476488e+00,1.435074287200962528e-01,1.000000000000000000e+01
1.630872483221476488e+00,1.419137958437063640e-01,1.200000000000000000e+01
1.630872483221476488e+00,1.429660322254220073e-01,1.300000000000000000e+01
1.651006711409395811e+00,1.423547528915959093e-01,0.000000000000000000e+00
1.651006711409395811e+00,1.450843046440120909e-01,1.000000000000000000e+00
1.651006711409395811e+00,1.419022365290170118e-01,3.000000000000000000e+00
1.651006711409395811e+00,1.435582735835516932e-01,4.000000000000000000e+00
1.651006711409395811e+00,1.411392656790672051e-01,9.000000000000000000e+00
1.651006711409395811e+00,1.435051259580765182e-01,1.000000000000000000e+01
1.651006711409395811e+00,1.419110699634744677e-01,1.200000000000000000e+01
1.651006711409395811e+00,1.429637428290008450e-01,1.300000000000000000e+01
1.671140939597315134e+00,1.423583461469821732e-01,0.000000000000000000e+00
1.671140939597315134e+00,1.450831343258465189e-01,1.000000000000000000e+00
1.671140939597315134e+00,1.419057395770361996e-01,3.000000000000000000e+00
1.671140939597315134e+00,1.435572592551536963e-01,4.000000000000000000e+00
1.671140939597315134e+00,1.411427737251156611e-01,9.000000000000000000e+00
1.671140939597315134e+00,1.435039070894450486e-01,1.000000000000000000e+01
1.671140939597315134e+00,1.419235547162577271e-01,1.200000000000000000e+01
1.671140939597315134e+00,1.429628845579007101e-01,1.300000000000000000e+01
1.691275167785234679e+00,1.423647883990659391e-01,0.000000000000000000e+00
1.691275167785234679e+00,1.450830229118387771e-01,1.000000000000000000e+00
1.691275167785234679e+00,1.419078013725333931e-01,3.000000000000000000e+00
1.691275167785234679e+00,1.435570607545736399e-01,4.000000000000000000e+00
1.691275167785234679e+00,1.411448869413768348e-01,9.000000000000000000e+00
1.691275167785234679e+00,1.435037866508835080e-01,1.000000000000000000e+01
1.691275167785234679e+00,1.419255205503973383e-01,1.200000000000000000e+01
1.691275167785234679e+00,1.429626849259610644e-01,1.300000000000000000e+01
1.711409395973154224e+00,1.423710224556460069e-01,0.000000000000000000e+00
1.711409395973154224e+00,1.450827117963026658e-01,1.000000000000000000e+00
1.711409395973154224e+00,1.419097056147871350e-01,3.000000000000000000e+00
1.711409395973154224e+00,1.435566967785510684e-01,4.000000000000000000e+00
1.711409395973154224e+00,1.411467284090575647e-01,9.000000000000000000e+00
1.711409395973154224e+00,1.435034753951713593e-01,1.000000000000000000e+01
1.711409395973154224e+00,1.419273184386118936e-01,1.200000000000000000e+01
1.711409395973154224e+00,1.429623176176649246e-01,1.300000000000000000e+01
1.731543624161073547e+00,1.423694967283059276e-01,0.000000000000000000e+00
1.731543624161073547e+00,1.450812062342227426e-01,1.000000000000000000e+00
1.731543624161073547e+00,1.419081974579594063e-01,3.000000000000000000e+00
1.731543624161073547e+00,1.435552004348601696e-01,4.000000000000000000e+00
1.731543624161073547e+00,1.411451911503381063e-01,9.000000000000000000e+00
1.731543624161073547e+00,1.435019668425374650e-01,1.000000000000000000e+01
1.731543624161073547e+00,1.419258564323753191e-01,1.200000000000000000e+01
1.731543624161073547e+00,1.429608654069890739e-01,1.300000000000000000e+01
1.751677852348993092e+00,1.423697452731135515e-01,0.000000000000000000e+00
1.751677852348993092e+00,1.450815895181319093e-01,1.000000000000000000e+00
1.751677852348993092e+00,1.419084438989282326e-01,3.000000000000000000e+00
1.751677852348993092e+00,1.435555795555174541e-01,4.000000000000000000e+00
1.751677852348993092e+00,1.411454421407991600e-01,9.000000000000000000e+00
1.751677852348993092e+00,1.435023471240486070e-01,1.000000000000000000e+01
1.751677852348993092e+00,1.419261026994950992e-01,1.200000000000000000e+01
1.751677852348993092e+00,1.429612223804553883e-01,1.300000000000000000e+01
1.771812080536912637e+00,1.423698828581483611e-01,0.000000000000000000e+00
1.771812080536912637e+00,1.450818835042561872e-01,1.000000000000000000e+00
1.771812080536912637e+00,1.419085751924581140e-01,3.000000000000000000e+00
1.771812080536912637e+00,1.435558705238964838e-01,4.000000000000000000e+00
1.771812080536912637e+00,1.411455795903761024e-01,9.000000000000000000e+00
1.771812080536912637e+00,1.435026387499805933e-01,1.000000000000000000e+01
1.771812080536912637e+00,1.419262307465433137e-01,1.200000000000000000e+01
1.771812080536912637e+00,1.429614957542483245e-01,1.300000000000000000e+01
1.791946308724831960e+00,1.423699189253724295e-01,0.000000000000000000e+00
1.791946308724831960e+00,1.450821082595749878e-01,1.000000000000000000e+00
1.791946308724831960e+00,1.419086005296211206e-01,3.000000000000000000e+00
1.791946308724831960e+00,1.435560931105017424e-01,4.000000000000000000e+00
1.791946308724831960e+00,1.411456130689467403e-01,9.000000000000000000e+00
1.791946308724831960e+00,1.435028616515328648e-01,1.000000000000000000e+01
1.791946308724831960e+00,1.419262494600334323e-01,1.200000000000000000e+01
1.791946308724831960e+00,1.429617044119684266e-01,1.300000000000000000e+01
1.812080536912751505e+00,1.423698562405468770e-01,0.000000000000000000e+00
1.812080536912751505e+00,1.450822795260946207e-01,1.000000000000000000e+00
1.812080536912751505e+00,1.419085222312264916e-01,3.000000000000000000e+00
1.812080536912751505e+00,1.435562628330064872e-01,4.000000000000000000e+00
1.812080536912751505e+00,1.411455454340529714e-01,9.000000000000000000e+00
1.812080536912751505e+00,1.435030314633387316e-01,1.000000000000000000e+01
1.812080536912751505e+00,1.419261607159265359e-01,1.200000000000000000e+01
1.812080536912751505e+00,1.429618631460638500e-01,1.300000000000000000e+01
1.832214765100671272e+00,1.423696910937717885e-01,0.000000000000000000e+00
1.832214765100671272e+00,1.450824096079354475e-01,1.000000000000000000e+00
1.832214765100671272e+00,1.419083359289618762e-01,3.000000000000000000e+00
1.832214765100671272e+00,1.435563918269119055e-01,4.000000000000000000e+00
1.832214765100671272e+00,1.411453730462333966e-01,9.000000000000000000e+00
1.832214765100671272e+00,1.435031604046882736e-01,1.000000000000000000e+01
1.832214765100671272e+00,1.419259595406393293e-01,1.200000000000000000e+01
1.832214765100671272e+00,1.429619835014730722e-01,1.300000000000000000e+01
1.852348993288590373e+00,1.423694131909398752e-01,0.000000000000000000e+00
1.852348993288590373e+00,1.450825080872135409e-01,1.000000000000000000e+00
1.852348993288590373e+00,1.419080304307796248e-01,3.000000000000000000e+00
1.852348993288590373e+00,1.435564895484685577e-01,4.000000000000000000e+00
1.852348993288590373e+00,1.411450856778585505e-01,9.000000000000000000e+00
1.852348993288590373e+00,1.435032579907293548e-01,1.000000000000000000e+01
1.852348993288590373e+00,1.419256339524172239e-01,1.200000000000000000e+01
1.852348993288590373e+00,1.429620744555109846e-01,1.300000000000000000e+01
1.872483221476509696e+00,1.423690052374708970e-01,0.000000000000000000e+00
1.872483221476509696e+00,1.450825823992583918e-01,1.000000000000000000e+00
1.872483221476509696e+00,1.419075872715404030e-01,3.000000000000000000e+00
1.872483221476509696e+00,1.435565633397342944e-01,4.000000000000000000e+00
1.872483221476509696e+00,1.411446661179186490e-01,9.000000000000000000e+00
1.872483221476509696e+00,1.435033316039590057e-01,1.000000000000000000e+01
1.872483221476509696e+00,1.419251644834544912e-01,1.200000000000000000e+01
1.872483221476509696e+00,1.429621429634011787e-01,1.300000000000000000e+01
1.892617449664429241e+00,1.423684422066872901e-01,0.000000000000000000e+00
1.892617449664429241e+00,1.450826382928296632e-01,1.000000000000000000e+00
1.892617449664429241e+00,1.419069799409087007e-01,3.000000000000000000e+00
1.892617449664429241e+00,1.435566188808780896e-01,4.000000000000000000e+00
1.892617449664429241e+00,1.411440894664242052e-01,9.000000000000000000e+00
1.892617449664429241e+00,1.435033869514799887e-01,1.000000000000000000e+01
1.892617449664429241e+00,1.419245233741271150e-01,1.200000000000000000e+01
1.892617449664429241e+00,1.429621943941228601e-01,1.300000000000000000e+01
1.912751677852348786e+00,1.423694879965863858e-01,0.000000000000000000e+00
1.912751677852348786e+00,1.450846172469706097e-01,1.000000000000000000e+00
1.912751677852348786e+00,1.419079679217760959e-01,3.000000000000000000e+00
1.912751677852348786e+00,1.435585785536525327e-01,4.000000000000000000e+00
1.912751677852348786e+00,1.411452100884569016e-01,9.000000000000000000e+00
1.912751677852348786e+00,1.435053460065583986e-01,1.000000000000000000e+01
1.912751677852348786e+00,1.419254572542919812e-01,1.200000000000000000e+01
1.912751677852348786e+00,1.429641371814931727e-01,1.300000000000000000e+01
1.932885906040268331e+00,1.423684650833242360e-01,0.000000000000000000e+00
1.932885906040268331e+00,1.450846471263774473e-01,1.000000000000000000e+00
1.932885906040268331e+00,1.419069039593853776e-01,3.000000000000000000e+00
1.932885906040268331e+00,1.435586080230597528e-01,4.000000000000000000e+00
1.932885906040268331e+00,1.411441934775905516e-01,9.000000000000000000e+00
1.932885906040268331e+00,1.435053751695163637e-01,1.000000000000000000e+01
1.932885906040268331e+00,1.419243312960184467e-01,1.200000000000000000e+01
1.932885906040268331e+00,1.429641655210991125e-01,1.300000000000000000e+01
1.953020134228188098e+00,1.423558492384169594e-01,0.000000000000000000e+00
1.953020134228188098e+00,1.450865987308261329e-01,1.000000000000000000e+00
1.953020134228188098e+00,1.419029552791666038e-01,3.000000000000000000e+00
1.953020134228188098e+00,1.435605421231851697e-01,4.000000000000000000e+00
1.953020134228188098e+00,1.411401833834795561e-01,9.000000000000000000e+00
1.953020134228188098e+00,1.435073032676761617e-01,1.000000000000000000e+01
1.953020134228188098e+00,1.419201868723753424e-01,1.200000000000000000e+01
1.953020134228188098e+00,1.429660902855586224e-01,1.300000000000000000e+01
1.973154362416107199e+00,1.423511105431000956e-01,0.000000000000000000e+00
1.973154362416107199e+00,1.450885506275009784e-01,1.000000000000000000e+00
1.973154362416107199e+00,1.418985362149967344e-01,3.000000000000000000e+00
1.973154362416107199e+00,1.435624706859920663e-01,4.000000000000000000e+00
1.973154362416107199e+00,1.411356504680585378e-01,9.000000000000000000e+00
1.973154362416107199e+00,1.435092366891925486e-01,1.000000000000000000e+01
1.973154362416107199e+00,1.419077711126419394e-01,1.200000000000000000e+01
1.973154362416107199e+00,1.429680079874823262e-01,1.300000000000000000e+01
1.993288590604026744e+00,1.423511823994460801e-01,0.000000000000000000e+00
1.993288590604026744e+00,1.450904923997380080e-01,1.000000000000000000e+00
1.993288590604026744e+00,1.418993507700669343e-01,3.000000000000000000e+00
1.993288590604026744e+00,1.435643885601301240e-01,4.000000000000000000e+00
1.993288590604026744e+00,1.411352281242503615e-01,9.000000000000000000e+00
1.993288590604026744e+00,1.435111524645673320e-01,1.000000000000000000e+01
1.993288590604026744e+00,1.419066244654223763e-01,1.200000000000000000e+01
1.993288590604026744e+00,1.429699205637021686e-01,1.300000000000000000e+01
2.013422818791946067e+00,1.423534591899323354e-01,0.000000000000000000e+00
2.013422818791946067e+00,1.450943605116807866e-01,1.000000000000000000e+00
2.013422818791946067e+00,1.418994836662704762e-01,3.000000000000000000e+00
2.013422818791946067e+00,1.435682208916402580e-01,4.000000000000000000e+00
2.013422818791946067e+00,1.411367139885827682e-01,9.000000000000000000e+00
2.013422818791946067e+00,1.435149817516267745e-01,1.000000000000000000e+01
2.013422818791946067e+00,1.419085037820607409e-01,1.200000000000000000e+01
2.013422818791946067e+00,1.429737352090121594e-01,1.300000000000000000e+01
2.033557046979865390e+00,1.423453123941108567e-01,0.000000000000000000e+00
2.033557046979865390e+00,1.450972648748700411e-01,1.000000000000000000e+00
2.033557046979865390e+00,1.418916938679178064e-01,3.000000000000000000e+00
2.033557046979865390e+00,1.435710926701892765e-01,4.000000000000000000e+00
2.033557046979865390e+00,1.411207631106873306e-01,9.000000000000000000e+00
2.033557046979865390e+00,1.435178545184450649e-01,1.000000000000000000e+01
2.033557046979865390e+00,1.418962787172573514e-01,1.200000000000000000e+01
2.033557046979865390e+00,1.429765965756665536e-01,1.300000000000000000e+01
2.053691275167784713e+00,1.423426199209172072e-01,0.000000000000000000e+00
2.053691275167784713e+00,1.451020987740006263e-01,1.000000000000000000e+00
2.053691275167784713e+00,1.418912890327198029e-01,3.000000000000000000e+00
2.053691275167784713e+00,1.435758750955744290e-01,4.000000000000000000e+00
2.053691275167784713e+00,1.411191525708811179e-01,9.000000000000000000e+00
2.053691275167784713e+00,1.435226340135086487e-01,1.000000000000000000e+01
2.053691275167784713e+00,1.418899692504366483e-01,1.200000000000000000e+01
2.053691275167784713e+00,1.429813590850346483e-01,1.300000000000000000e+01
2.073825503355704480e+00,1.423348617712105746e-01,0.000000000000000000e+00
2.073825503355704480e+00,1.450945856623842567e-01,1.000000000000000000e+00
2.073825503355704480e+00,1.418723616912043184e-01,3.000000000000000000e+00
2.073825503355704480e+00,1.435771753720020971e-01,4.000000000000000000e+00
2.073825503355704480e+00,1.411093692974497993e-01,9.000000000000000000e+00
2.073825503355704480e+00,1.435239331725446099e-01,1.000000000000000000e+01
2.073825503355704480e+00,1.418712778284959841e-01,1.200000000000000000e+01
2.073825503355704480e+00,1.429826347390401320e-01,1.300000000000000000e+01
2.093959731543623803e+00,1.423281573226195251e-01,0.000000000000000000e+00
2.093959731543623803e+00,1.450915078879480846e-01,1.000000000000000000e+00
2.093959731543623803e+00,1.418670436595730611e-01,3.000000000000000000e+00
2.093959731543623803e+00,1.435651630199898110e-01,4.000000000000000000e+00
2.093959731543623803e+00,1.410954046597554523e-01,9.000000000000000000e+00
2.093959731543623803e+00,1.435119182382324221e-01,1.000000000000000000e+01
2.093959731543623803e+00,1.418674248485695122e-01,1.200000000000000000e+01
2.093959731543623803e+00,1.429794723255738698e-01,1.300000000000000000e+01
2.114093959731543571e+00,1.423253458254021553e-01,0.000000000000000000e+00
2.114093959731543571e+00,1.450834179752606423e-01,1.000000000000000000e+00
2.114093959731543571e+00,1.418645202347735557e-01,3.000000000000000000e+00
2.114093959731543571e+00,1.435658458909485902e-01,4.000000000000000000e+00
2.114093959731543571e+00,1.410830119367965929e-01,9.000000000000000000e+00
2.114093959731543571e+00,1.435125974098525603e-01,1.000000000000000000e+01
2.114093959731543571e+00,1.418641959974371036e-01,1.200000000000000000e+01
2.114093959731543571e+00,1.429712416387745044e-01,1.300000000000000000e+01
2.134228187919462894e+00,1.423044678381369943e-01,0.000000000000000000e+00
2.134228187919462894e+00,1.450842011247727992e-01,1.000000000000000000e+00
2.134228187919462894e+00,1.418425590625956856e-01,3.000000000000000000e+00
2.134228187919462894e+00,1.435665281558763384e-01,4.000000000000000000e+00
2.134228187919462894e+00,1.410773576220663295e-01,9.000000000000000000e+00
2.134228187919462894e+00,1.435044009081972438e-01,1.000000000000000000e+01
2.134228187919462894e+00,1.418514210274580967e-01,1.200000000000000000e+01
2.134228187919462894e+00,1.429630090580398250e-01,1.300000000000000000e+01
2.154362416107382217e+00,1.423089560221754979e-01,0.000000000000000000e+00
2.154362416107382217e+00,1.450799715110498156e-01,1.000000000000000000e+00
2.154362416107382217e+00,1.418426571059917540e-01,3.000000000000000000e+00
2.154362416107382217e+00,1.435532811044386847e-01,4.000000000000000000e+00
2.154362416107382217e+00,1.410735451302778942e-01,9.000000000000000000e+00
2.154362416107382217e+00,1.434822722251780924e-01,1.000000000000000000e+01
2.154362416107382217e+00,1.418557902949029448e-01,1.200000000000000000e+01
2.154362416107382217e+00,1.429497056927045151e-01,1.300000000000000000e+01
2.174496644295301540e+00,1.422863337818457696e-01,0.000000000000000000e+00
2.174496644295301540e+00,1.450865496435858881e-01,1.000000000000000000e+00
2.174496644295301540e+00,1.418291681471778309e-01,3.000000000000000000e+00
2.174496644295301540e+00,1.435508195759984396e-01,4.000000000000000000e+00
2.174496644295301540e+00,1.410548114671233144e-01,9.000000000000000000e+00
2.174496644295301540e+00,1.434798031374387994e-01,1.000000000000000000e+01
2.174496644295301540e+00,1.418304852610650091e-01,1.200000000000000000e+01
2.174496644295301540e+00,1.429560570895629101e-01,1.300000000000000000e+01
2.194630872483221307e+00,1.422626115683063575e-01,0.000000000000000000e+00
2.194630872483221307e+00,1.450747979730805104e-01,1.000000000000000000e+00
2.194630872483221307e+00,1.418104815817463615e-01,3.000000000000000000e+00
2.194630872483221307e+00,1.435299850751793616e-01,4.000000000000000000e+00
2.194630872483221307e+00,1.410357747762115144e-01,9.000000000000000000e+00
2.194630872483221307e+00,1.434678375094196323e-01,1.000000000000000000e+01
2.194630872483221307e+00,1.418130014288483398e-01,1.200000000000000000e+01
2.194630872483221307e+00,1.429440215736362818e-01,1.300000000000000000e+01
2.214765100671140630e+00,1.422512424595699099e-01,0.000000000000000000e+00
2.214765100671140630e+00,1.450891064914426043e-01,1.000000000000000000e+00
2.214765100671140630e+00,1.417880492543416582e-01,3.000000000000000000e+00
2.214765100671140630e+00,1.435351670660181267e-01,4.000000000000000000e+00
2.214765100671140630e+00,1.410162263281413975e-01,9.000000000000000000e+00
2.214765100671140630e+00,1.434730095538500894e-01,1.000000000000000000e+01
2.214765100671140630e+00,1.417843134645387082e-01,1.200000000000000000e+01
2.214765100671140630e+00,1.429579896385110849e-01,1.300000000000000000e+01
2.234899328859060397e+00,1.422138926953558924e-01,0.000000000000000000e+00
2.234899328859060397e+00,1.451047780979826396e-01,1.000000000000000000e+00
2.234899328859060397e+00,1.417665906293944789e-01,3.000000000000000000e+00
2.234899328859060397e+00,1.435505280738745004e-01,4.000000000000000000e+00
2.234899328859060397e+00,1.409659107295319902e-01,9.000000000000000000e+00
2.234899328859060397e+00,1.434794766557403733e-01,1.000000000000000000e+01
2.234899328859060397e+00,1.417439107680746047e-01,1.200000000000000000e+01
2.234899328859060397e+00,1.429554723216529266e-01,1.300000000000000000e+01
2.255033557046980164e+00,1.421549918647594946e-01,0.000000000000000000e+00
2.255033557046980164e+00,1.451109981855085718e-01,1.000000000000000000e+00
2.255033557046980164e+00,1.417259330955099317e-01,3.000000000000000000e+00
2.255033557046980164e+00,1.435475126696229287e-01,4.000000000000000000e+00
2.255033557046980164e+00,1.409286631475700491e-01,9.000000000000000000e+00
2.255033557046980164e+00,1.434942120412072419e-01,1.000000000000000000e+01
2.255033557046980164e+00,1.416751831352013047e-01,1.200000000000000000e+01
2.255033557046980164e+00,1.429612056208509896e-01,1.300000000000000000e+01
2.275167785234899043e+00,1.420801269185374138e-01,0.000000000000000000e+00
2.275167785234899043e+00,1.451160721285289223e-01,1.000000000000000000e+00
2.275167785234899043e+00,1.416438935415106348e-01,3.000000000000000000e+00
2.275167785234899043e+00,1.435521489986916199e-01,4.000000000000000000e+00
2.275167785234899043e+00,1.408916527274719221e-01,9.000000000000000000e+00
2.275167785234899043e+00,1.434899475001435165e-01,1.000000000000000000e+01
2.275167785234899043e+00,1.416228145664306659e-01,1.200000000000000000e+01
2.275167785234899043e+00,1.429567918796820214e-01,1.300000000000000000e+01
2.295302013422818810e+00,1.420130838931812356e-01,0.000000000000000000e+00
2.295302013422818810e+00,1.451288886785672139e-01,1.000000000000000000e+00
2.295302013422818810e+00,1.416040978573248066e-01,3.000000000000000000e+00
2.295302013422818810e+00,1.435555553476646207e-01,4.000000000000000000e+00
2.295302013422818810e+00,1.408350120180702769e-01,9.000000000000000000e+00
2.295302013422818810e+00,1.434933331396652523e-01,1.000000000000000000e+01
2.295302013422818810e+00,1.415640098593913820e-01,1.200000000000000000e+01
2.295302013422818810e+00,1.429688887007548315e-01,1.300000000000000000e+01
2.315436241610738133e+00,1.419716647918201624e-01,0.000000000000000000e+00
2.315436241610738133e+00,1.451437563843208101e-01,1.000000000000000000e+00
2.315436241610738133e+00,1.415239446434144732e-01,3.000000000000000000e+00
2.315436241610738133e+00,1.435475729740038342e-01,4.000000000000000000e+00
2.315436241610738133e+00,1.407632730094816598e-01,9.000000000000000000e+00
2.315436241610738133e+00,1.434986648811061027e-01,1.000000000000000000e+01
2.315436241610738133e+00,1.415232259502430534e-01,1.200000000000000000e+01
2.315436241610738133e+00,1.429829064569379804e-01,1.300000000000000000e+01
2.335570469798657012e+00,1.418821670222687181e-01,0.000000000000000000e+00
2.335570469798657012e+00,1.451104941861531827e-01,1.000000000000000000e+00
2.335570469798657012e+00,1.414385895499171153e-01,3.000000000000000000e+00
2.335570469798657012e+00,1.435180241775851073e-01,4.000000000000000000e+00
2.335570469798657012e+00,1.407028030679703667e-01,9.000000000000000000e+00
2.335570469798657012e+00,1.434824382480953398e-01,1.000000000000000000e+01
2.335570469798657012e+00,1.414232688141592031e-01,1.200000000000000000e+01
2.335570469798657012e+00,1.429397529360723063e-01,1.300000000000000000e+01
2.355704697986576779e+00,1.418060805635486255e-01,0.000000000000000000e+00
2.355704697986576779e+00,1.450742149303916317e-01,1.000000000000000000e+00
2.355704697986576779e+00,1.413597351837158900e-01,3.000000000000000000e+00
2.355704697986576779e+00,1.435075771996487670e-01,4.000000000000000000e+00
2.355704697986576779e+00,1.405792987054662602e-01,9.000000000000000000e+00
2.355704697986576779e+00,1.434897745068539898e-01,1.000000000000000000e+01
2.355704697986576779e+00,1.413041485282356124e-01,1.200000000000000000e+01
2.355704697986576779e+00,1.429200880541686980e-01,1.300000000000000000e+01
2.375838926174496546e+00,1.416928240959070828e-01,0.000000000000000000e+00
2.375838926174496546e+00,1.451093563639828388e-01,1.000000000000000000e+00
2.375838926174496546e+00,1.412536130486016506e-01,3.000000000000000000e+00
2.375838926174496546e+00,1.435417139248615359e-01,4.000000000000000000e+00
2.375838926174496546e+00,1.404981834121586393e-01,9.000000000000000000e+00
2.375838926174496546e+00,1.435238998104396979e-01,1.000000000000000000e+01
2.375838926174496546e+00,1.411733286344582783e-01,1.200000000000000000e+01
2.375838926174496546e+00,1.429449409592683795e-01,1.300000000000000000e+01
2.395973154362415869e+00,1.415535740868775483e-01,0.000000000000000000e+00
2.395973154362415869e+00,1.450709309588205376e-01,1.000000000000000000e+00
2.395973154362415869e+00,1.411468048093552918e-01,3.000000000000000000e+00
2.395973154362415869e+00,1.435377696552780635e-01,4.000000000000000000e+00
2.395973154362415869e+00,1.403687683146079834e-01,9.000000000000000000e+00
2.395973154362415869e+00,1.434842872879083242e-01,1.000000000000000000e+01
2.395973154362415869e+00,1.410710342366309489e-01,1.200000000000000000e+01
2.395973154362415869e+00,1.429494635808109537e-01,1.300000000000000000e+01
2.416107382550336080e+00,1.414719226024686860e-01,0.000000000000000000e+00
2.416107382550336080e+00,1.451123660404517179e-01,1.000000000000000000e+00
2.416107382550336080e+00,1.409944490256701821e-01,3.000000000000000000e+00
2.416107382550336080e+00,1.435600281670356415e-01,4.000000000000000000e+00
2.416107382550336080e+00,1.402594766996457520e-01,9.000000000000000000e+00
2.416107382550336080e+00,1.435243422378326417e-01,1.000000000000000000e+01
2.416107382550336080e+00,1.409597847041753338e-01,1.200000000000000000e+01
2.416107382550336080e+00,1.429979747946455992e-01,1.300000000000000000e+01
2.436241610738254959e+00,1.412881440872993111e-01,0.000000000000000000e+00
2.436241610738254959e+00,1.451311864626481929e-01,1.000000000000000000e+00
2.436241610738254959e+00,1.408452143131328216e-01,3.000000000000000000e+00
2.436241610738254959e+00,1.435862401320464887e-01,4.000000000000000000e+00
2.436241610738254959e+00,1.401064327394524744e-01,9.000000000000000000e+00
2.436241610738254959e+00,1.435415885042920225e-01,1.000000000000000000e+01
2.436241610738254959e+00,1.408588901709499630e-01,1.200000000000000000e+01
2.436241610738254959e+00,1.429700476656604324e-01,1.300000000000000000e+01
2.456375838926174282e+00,1.411590636226945639e-01,0.000000000000000000e+00
2.456375838926174282e+00,1.451197596590268479e-01,1.000000000000000000e+00
2.456375838926174282e+00,1.406511016339341003e-01,3.000000000000000000e+00
2.456375838926174282e+00,1.435283283547725830e-01,4.000000000000000000e+00
2.456375838926174282e+00,1.399123239826227938e-01,9.000000000000000000e+00
2.456375838926174282e+00,1.435462096064000770e-01,1.000000000000000000e+01
2.456375838926174282e+00,1.406859207136394452e-01,1.200000000000000000e+01
2.456375838926174282e+00,1.429471877099025290e-01,1.300000000000000000e+01
2.476510067114093605e+00,1.409678390416310712e-01,0.000000000000000000e+00
2.476510067114093605e+00,1.451118362300442277e-01,1.000000000000000000e+00
2.476510067114093605e+00,1.404465974259482275e-01,3.000000000000000000e+00
2.476510067114093605e+00,1.434825229151110715e-01,4.000000000000000000e+00
2.476510067114093605e+00,1.397400002923917250e-01,9.000000000000000000e+00
2.476510067114093605e+00,1.435272842701257601e-01,1.000000000000000000e+01
2.476510067114093605e+00,1.405790781645544774e-01,1.200000000000000000e+01
2.476510067114093605e+00,1.429095775732151241e-01,1.300000000000000000e+01
2.496644295302013372e+00,1.408251398407877886e-01,0.000000000000000000e+00
2.496644295302013372e+00,1.450729354272763116e-01,1.000000000000000000e+00
2.496644295302013372e+00,1.402412209877565152e-01,3.000000000000000000e+00
2.496644295302013372e+00,1.434411899067746521e-01,4.000000000000000000e+00
2.496644295302013372e+00,1.395572927540013330e-01,9.000000000000000000e+00
2.496644295302013372e+00,1.435398118894902486e-01,1.000000000000000000e+01
2.496644295302013372e+00,1.403905024829605053e-01,1.200000000000000000e+01
2.496644295302013372e+00,1.428942861897395666e-01,1.300000000000000000e+01
2.516778523489932695e+00,1.406501134669283781e-01,0.000000000000000000e+00
2.516778523489932695e+00,1.449919623426607074e-01,1.000000000000000000e+00
2.516778523489932695e+00,1.400631409125648041e-01,3.000000000000000000e+00
2.516778523489932695e+00,1.433305493343823012e-01,4.000000000000000000e+00
2.516778523489932695e+00,1.392803695591590396e-01,9.000000000000000000e+00
2.516778523489932695e+00,1.434652584961372546e-01,1.000000000000000000e+01
2.516778523489932695e+00,1.401358161938058011e-01,1.200000000000000000e+01
2.516778523489932695e+00,1.428276351255299281e-01,1.300000000000000000e+01
2.536912751677852018e+00,1.403606041615625966e-01,0.000000000000000000e+00
2.536912751677852018e+00,1.450409839656370270e-01,1.000000000000000000e+00
2.536912751677852018e+00,1.397580021653382631e-01,3.000000000000000000e+00
2.536912751677852018e+00,1.433944268893491414e-01,4.000000000000000000e+00
2.536912751677852018e+00,1.389843017787722734e-01,9.000000000000000000e+00
2.536912751677852018e+00,1.434754051066588765e-01,1.000000000000000000e+01
2.536912751677852018e+00,1.398452102238195160e-01,1.200000000000000000e+01
2.536912751677852018e+00,1.428185817921104050e-01,1.300000000000000000e+01
2.557046979865771785e+00,1.400803402041425894e-01,0.000000000000000000e+00
2.557046979865771785e+00,1.449888872266421880e-01,1.000000000000000000e+00
2.557046979865771785e+00,1.393447878054716871e-01,3.000000000000000000e+00
2.557046979865771785e+00,1.433388784352333245e-01,4.000000000000000000e+00
2.557046979865771785e+00,1.387068949974757937e-01,9.000000000000000000e+00
2.557046979865771785e+00,1.434380592920161679e-01,1.000000000000000000e+01
2.557046979865771785e+00,1.394368655257169076e-01,1.200000000000000000e+01
2.557046979865771785e+00,1.427888755059459058e-01,1.300000000000000000e+01
2.577181208053691108e+00,1.396767199201566778e-01,0.000000000000000000e+00
2.577181208053691108e+00,1.449493443141142424e-01,1.000000000000000000e+00
2.577181208053691108e+00,1.389318567585871300e-01,3.000000000000000000e+00
2.577181208053691108e+00,1.433135410077852334e-01,4.000000000000000000e+00
2.577181208053691108e+00,1.382194226308237350e-01,9.000000000000000000e+00
2.577181208053691108e+00,1.433858417071352809e-01,1.000000000000000000e+01
2.577181208053691108e+00,1.391605081151821854e-01,1.200000000000000000e+01
2.577181208053691108e+00,1.427893609433231459e-01,1.300000000000000000e+01
2.597315436241610431e+00,1.393115172036949734e-01,0.000000000000000000e+00
2.597315436241610431e+00,1.449295059905515992e-01,1.000000000000000000e+00
2.597315436241610431e+00,1.384686106111733539e-01,3.000000000000000000e+00
2.597315436241610431e+00,1.432713565941905187e-01,4.000000000000000000e+00
2.597315436241610431e+00,1.377191330256515300e-01,9.000000000000000000e+00
2.597315436241610431e+00,1.434253923307021727e-01,1.000000000000000000e+01
2.597315436241610431e+00,1.386784334880416525e-01,1.200000000000000000e+01
2.597315436241610431e+00,1.427458229055538486e-01,1.300000000000000000e+01
2.617449664429530198e+00,1.388265863794551358e-01,0.000000000000000000e+00
2.617449664429530198e+00,1.448886223437103049e-01,1.000000000000000000e+00
2.617449664429530198e+00,1.380280356486496829e-01,3.000000000000000000e+00
2.617449664429530198e+00,1.432167082294572291e-01,4.000000000000000000e+00
2.617449664429530198e+00,1.373757231741034868e-01,9.000000000000000000e+00
2.617449664429530198e+00,1.433984380244286982e-01,1.000000000000000000e+01
2.617449664429530198e+00,1.381082994893265692e-01,1.200000000000000000e+01
2.617449664429530198e+00,1.426624323550096662e-01,1.300000000000000000e+01
2.637583892617449077e+00,1.383710638685866079e-01,0.000000000000000000e+00
2.637583892617449077e+00,1.449059389621515925e-01,1.000000000000000000e+00
2.637583892617449077e+00,1.373524473178032446e-01,3.000000000000000000e+00
2.637583892617449077e+00,1.432744540368103003e-01,4.000000000000000000e+00
2.637583892617449077e+00,1.367826262511513402e-01,9.000000000000000000e+00
2.637583892617449077e+00,1.434385139732911874e-01,1.000000000000000000e+01
2.637583892617449077e+00,1.376614618338699858e-01,1.200000000000000000e+01
2.637583892617449077e+00,1.426729009370705237e-01,1.300000000000000000e+01
2.657718120805368844e+00,1.377462887112139989e-01,0.000000000000000000e+00
2.657718120805368844e+00,1.449637179108130836e-01,1.000000000000000000e+00
2.657718120805368844e+00,1.369569096465455549e-01,3.000000000000000000e+00
2.657718120805368844e+00,1.432902154885632717e-01,4.000000000000000000e+00
2.657718120805368844e+00,1.362649085229799828e-01,9.000000000000000000e+00
2.657718120805368844e+00,1.435096912171468231e-01,1.000000000000000000e+01
2.657718120805368844e+00,1.370530499639106836e-01,1.200000000000000000e+01
2.657718120805368844e+00,1.427140917049070645e-01,1.300000000000000000e+01
2.677852348993288611e+00,1.370584908770515475e-01,0.000000000000000000e+00
2.677852348993288611e+00,1.449732244797563852e-01,1.000000000000000000e+00
2.677852348993288611e+00,1.363291703833543200e-01,3.000000000000000000e+00
2.677852348993288611e+00,1.432937321830765609e-01,4.000000000000000000e+00
2.677852348993288611e+00,1.355215232169476314e-01,9.000000000000000000e+00
2.677852348993288611e+00,1.434864608064469194e-01,1.000000000000000000e+01
2.677852348993288611e+00,1.364774847530384194e-01,1.200000000000000000e+01
2.677852348993288611e+00,1.426054156672963702e-01,1.300000000000000000e+01
2.697986577181207934e+00,1.364607302269319478e-01,0.000000000000000000e+00
2.697986577181207934e+00,1.449299394656461404e-01,1.000000000000000000e+00
2.697986577181207934e+00,1.355355043258116565e-01,3.000000000000000000e+00
2.697986577181207934e+00,1.431427281605100466e-01,4.000000000000000000e+00
2.697986577181207934e+00,1.347909224835087683e-01,9.000000000000000000e+00
2.697986577181207934e+00,1.434651631898725965e-01,1.000000000000000000e+01
2.697986577181207934e+00,1.357312928663678697e-01,1.200000000000000000e+01
2.697986577181207934e+00,1.425991948249575314e-01,1.300000000000000000e+01
2.718120805369127257e+00,1.355777203187682189e-01,0.000000000000000000e+00
2.718120805369127257e+00,1.450202335450679614e-01,1.000000000000000000e+00
2.718120805369127257e+00,1.348008387226818094e-01,3.000000000000000000e+00
2.718120805369127257e+00,1.431148109534884638e-01,4.000000000000000000e+00
2.718120805369127257e+00,1.340791831532924527e-01,9.000000000000000000e+00
2.718120805369127257e+00,1.435957914138053237e-01,1.000000000000000000e+01
2.718120805369127257e+00,1.349080305597658569e-01,1.200000000000000000e+01
2.718120805369127257e+00,1.426430801175583574e-01,1.300000000000000000e+01
2.738255033557046580e+00,1.347246762167782774e-01,0.000000000000000000e+00
2.738255033557046580e+00,1.450054803100808420e-01,1.000000000000000000e+00
2.738255033557046580e+00,1.339261212655172562e-01,3.000000000000000000e+00
2.738255033557046580e+00,1.430827249181162164e-01,4.000000000000000000e+00
2.738255033557046580e+00,1.331728752020698570e-01,9.000000000000000000e+00
2.738255033557046580e+00,1.435843132807280709e-01,1.000000000000000000e+01
2.738255033557046580e+00,1.341195224852418932e-01,1.200000000000000000e+01
2.738255033557046580e+00,1.425904252280776052e-01,1.300000000000000000e+01
2.758389261744966348e+00,1.339333670238531393e-01,0.000000000000000000e+00
2.758389261744966348e+00,1.450269155692467948e-01,1.000000000000000000e+00
2.758389261744966348e+00,1.330580197938095732e-01,3.000000000000000000e+00
2.758389261744966348e+00,1.431236996940494499e-01,4.000000000000000000e+00
2.758389261744966348e+00,1.322958740661993315e-01,9.000000000000000000e+00
2.758389261744966348e+00,1.435995036630095534e-01,1.000000000000000000e+01
2.758389261744966348e+00,1.331608144360812152e-01,1.200000000000000000e+01
2.758389261744966348e+00,1.425172828718708484e-01,1.300000000000000000e+01
2.778523489932885671e+00,1.328274881626095028e-01,0.000000000000000000e+00
2.778523489932885671e+00,1.450310318889934114e-01,1.000000000000000000e+00
2.778523489932885671e+00,1.318894503619482683e-01,3.000000000000000000e+00
2.778523489932885671e+00,1.431941876994916596e-01,4.000000000000000000e+00
2.778523489932885671e+00,1.312698696127125031e-01,9.000000000000000000e+00
2.778523489932885671e+00,1.436065404770753562e-01,1.000000000000000000e+01
2.778523489932885671e+00,1.320793666111175768e-01,1.200000000000000000e+01
2.778523489932885671e+00,1.425850301874906634e-01,1.300000000000000000e+01
2.798657718120804994e+00,1.319248439120568051e-01,0.000000000000000000e+00
2.798657718120804994e+00,1.451489902483580618e-01,1.000000000000000000e+00
2.798657718120804994e+00,1.307867196808788490e-01,3.000000000000000000e+00
2.798657718120804994e+00,1.432754318989970244e-01,4.000000000000000000e+00
2.798657718120804994e+00,1.300692168260940140e-01,9.000000000000000000e+00
2.798657718120804994e+00,1.437555900696868005e-01,1.000000000000000000e+01
2.798657718120804994e+00,1.309517199514641794e-01,1.200000000000000000e+01
2.798657718120804994e+00,1.427105399352624482e-01,1.300000000000000000e+01
2.818791946308724761e+00,1.305661029118821703e-01,0.000000000000000000e+00
2.818791946308724761e+00,1.450346660533692045e-01,1.000000000000000000e+00
2.818791946308724761e+00,1.297615695601496977e-01,3.000000000000000000e+00
2.818791946308724761e+00,1.431807648216047446e-01,4.000000000000000000e+00
2.818791946308724761e+00,1.292466982492835592e-01,9.000000000000000000e+00
2.818791946308724761e+00,1.436631574884163765e-01,1.000000000000000000e+01
2.818791946308724761e+00,1.300277746557285119e-01,1.200000000000000000e+01
2.818791946308724761e+00,1.425943266769070517e-01,1.300000000000000000e+01
2.838926174496644084e+00,1.294954456380317531e-01,0.000000000000000000e+00
2.838926174496644084e+00,1.449938471266450091e-01,1.000000000000000000e+00
2.838926174496644084e+00,1.287130912559212581e-01,3.000000000000000000e+00
2.838926174496644084e+00,1.431313577564178319e-01,4.000000000000000000e+00
2.838926174496644084e+00,1.279350885661848791e-01,9.000000000000000000e+00
2.838926174496644084e+00,1.436064825964440683e-01,1.000000000000000000e+01
2.838926174496644084e+00,1.287510941265350706e-01,1.200000000000000000e+01
2.838926174496644084e+00,1.425517054528200045e-01,1.300000000000000000e+01
2.859060402684563407e+00,1.284256299472667506e-01,0.000000000000000000e+00
2.859060402684563407e+00,1.450070162311420108e-01,1.000000000000000000e+00
2.859060402684563407e+00,1.275520199454055759e-01,3.000000000000000000e+00
2.859060402684563407e+00,1.432028408531353658e-01,4.000000000000000000e+00
2.859060402684563407e+00,1.267852786533042175e-01,9.000000000000000000e+00
2.859060402684563407e+00,1.436133146159550289e-01,1.000000000000000000e+01
2.859060402684563407e+00,1.272736740405790989e-01,1.200000000000000000e+01
2.859060402684563407e+00,1.424487146367776902e-01,1.300000000000000000e+01
2.879194630872483174e+00,1.269785378856839175e-01,0.000000000000000000e+00
2.879194630872483174e+00,1.448966872724506416e-01,1.000000000000000000e+00
2.879194630872483174e+00,1.259870406416906674e-01,3.000000000000000000e+00
2.879194630872483174e+00,1.431516371755404970e-01,4.000000000000000000e+00
2.879194630872483174e+00,1.256783649077398424e-01,9.000000000000000000e+00
2.879194630872483174e+00,1.436598111047742155e-01,1.000000000000000000e+01
2.879194630872483174e+00,1.261510417772836179e-01,1.200000000000000000e+01
2.879194630872483174e+00,1.423749939996941383e-01,1.300000000000000000e+01
2.899328859060402497e+00,1.254881775521484444e-01,0.000000000000000000e+00
2.899328859060402497e+00,1.448984406138049685e-01,1.000000000000000000e+00
2.899328859060402497e+00,1.249519077928118865e-01,3.000000000000000000e+00
2.899328859060402497e+00,1.431556345039513012e-01,4.000000000000000000e+00
2.899328859060402497e+00,1.241117152325984102e-01,9.000000000000000000e+00
2.899328859060402497e+00,1.437141027593661080e-01,1.000000000000000000e+01
2.899328859060402497e+00,1.246845047379797206e-01,1.200000000000000000e+01
2.899328859060402497e+00,1.424045909862068082e-01,1.300000000000000000e+01
2.919463087248321820e+00,1.242326156245337904e-01,0.000000000000000000e+00
2.919463087248321820e+00,1.448678537517668063e-01,1.000000000000000000e+00
2.919463087248321820e+00,1.231539652789199746e-01,3.000000000000000000e+00
2.919463087248321820e+00,1.430601473150730218e-01,4.000000000000000000e+00
2.919463087248321820e+00,1.226553354190200312e-01,9.000000000000000000e+00
2.919463087248321820e+00,1.436981613517703538e-01,1.000000000000000000e+01
2.919463087248321820e+00,1.232574882086706486e-01,1.200000000000000000e+01
2.919463087248321820e+00,1.423544651200850386e-01,1.300000000000000000e+01
2.939597315436241143e+00,1.227660703810996567e-01,0.000000000000000000e+00
2.939597315436241143e+00,1.449853258556532687e-01,1.000000000000000000e+00
2.939597315436241143e+00,1.218403709635940690e-01,3.000000000000000000e+00
2.939597315436241143e+00,1.431613669918704590e-01,4.000000000000000000e+00
2.939597315436241143e+00,1.214302361461340046e-01,9.000000000000000000e+00
2.939597315436241143e+00,1.437628853400852169e-01,1.000000000000000000e+01
2.939597315436241143e+00,1.217203572579546450e-01,1.200000000000000000e+01
2.939597315436241143e+00,1.424628295541146561e-01,1.300000000000000000e+01
2.959731543624160910e+00,1.215990604852611595e-01,0.000000000000000000e+00
2.959731543624160910e+00,1.449664690746212403e-01,1.000000000000000000e+00
2.959731543624160910e+00,1.202972149772198601e-01,3.000000000000000000e+00
2.959731543624160910e+00,1.431463583107646931e-01,4.000000000000000000e+00
2.959731543624160910e+00,1.196580470264152901e-01,9.000000000000000000e+00
2.959731543624160910e+00,1.437595507077071288e-01,1.000000000000000000e+01
2.959731543624160910e+00,1.203137763193994764e-01,1.200000000000000000e+01
2.959731543624160910e+00,1.424261005759363818e-01,1.300000000000000000e+01
2.979865771812079789e+00,1.199166071431492786e-01,0.000000000000000000e+00
2.979865771812079789e+00,1.450281096201787301e-01,1.000000000000000000e+00
2.979865771812079789e+00,1.187409735385285825e-01,3.000000000000000000e+00
2.979865771812079789e+00,1.431541344496425061e-01,4.000000000000000000e+00
2.979865771812079789e+00,1.184732177705950518e-01,9.000000000000000000e+00
2.979865771812079789e+00,1.437495119785391628e-01,1.000000000000000000e+01
2.979865771812079789e+00,1.187538134015271307e-01,1.200000000000000000e+01
2.979865771812079789e+00,1.423830717496205600e-01,1.300000000000000000e+01
3.000000000000000000e+00,1.179516505084187566e-01,0.000000000000000000e+00
3.000000000000000000e+00,1.449533745120741846e-01,1.000000000000000000e+00
3.000000000000000000e+00,1.171510300039657060e-01,3.000000000000000000e+00
3.000000000000000000e+00,1.430800421446378479e-01,4.000000000000000000e+00
3.000000000000000000e+00,1.169965151130926695e-01,9.000000000000000000e+00
3.000000000000000000e+00,1.436865518527516705e-01,1.000000000000000000e+01
3.000000000000000000e+00,1.169390722728694126e-01,1.200000000000000000e+01
3.000000000000000000e+00,1.423267962161819389e-01,1.300000000000000000e+01
