0.000000000000000000e+00,2.570166302007237517e-17,2.000000000000000000e+00
0.000000000000000000e+00,2.570166302007237517e-17,5.000000000000000000e+00
0.000000000000000000e+00,2.570166302007237517e-17,6.000000000000000000e+00
0.000000000000000000e+00,2.570166302007237517e-17,7.000000000000000000e+00
0.000000000000000000e+00,2.570166302007237517e-17,8.000000000000000000e+00
0.000000000000000000e+00,2.570166302007237517e-17,1.100000000000000000e+01
2.010050251256281090e-02,1.322290055343793079e-04,2.000000000000000000e+00
2.010050251256281090e-02,1.748925315193092028e-04,5.000000000000000000e+00
2.010050251256281090e-02,2.328384398866647792e-17,6.000000000000000000e+00
2.010050251256281090e-02,2.306179938374144642e-17,7.000000000000000000e+00
2.010050251256281090e-02,2.381501901557278762e-04,8.000000000000000000e+00
2.010050251256281090e-02,1.234432932253264428e-04,1.100000000000000000e+01
4.020100502512562179e-02,5.895139560514118171e-04,2.000000000000000000e+00
4.020100502512562179e-02,6.927252751830429572e-04,5.000000000000000000e+00
4.020100502512562179e-02,2.473330182637154196e-17,6.000000000000000000e+00
4.020100502512562179e-02,2.474563763775626661e-17,7.000000000000000000e+00
4.020100502512562179e-02,8.093372234417318392e-04,8.000000000000000000e+00
4.020100502512562179e-02,5.794992929897385117e-04,1.100000000000000000e+01
6.030150753768843963e-02,1.369256079489748236e-03,2.000000000000000000e+00
6.030150753768843963e-02,1.550567983897083472e-03,5.000000000000000000e+00
6.030150753768843963e-02,2.485049203452642004e-17,6.000000000000000000e+00
6.030150753768843963e-02,2.641714008038636215e-17,7.000000000000000000e+00
6.030150753768843963e-02,1.710347242676475569e-03,8.000000000000000000e+00
6.030150753768843963e-02,1.365568996434628549e-03,1.100000000000000000e+01
8.040201005025124359e-02,2.467021825445125244e-03,2.000000000000000000e+00
8.040201005025124359e-02,2.743557443029738530e-03,5.000000000000000000e+00
8.040201005025124359e-02,2.391297036928739847e-17,6.000000000000000000e+00
8.040201005025124359e-02,2.533775658422301627e-17,7.000000000000000000e+00
8.040201005025124359e-02,2.936089373817311974e-03,8.000000000000000000e+00
8.040201005025124359e-02,2.477174723323408937e-03,1.100000000000000000e+01
1.005025125628140753e-01,3.876556181028187418e-03,2.000000000000000000e+00
1.005025125628140753e-01,4.264912893321511425e-03,5.000000000000000000e+00
1.005025125628140753e-01,2.504169711098963990e-17,6.000000000000000000e+00
1.005025125628140753e-01,2.383278759528669436e-17,7.000000000000000000e+00
1.005025125628140753e-01,4.479611502588762804e-03,8.000000000000000000e+00
1.005025125628140753e-01,3.907974867790904062e-03,1.100000000000000000e+01
1.206030150753768793e-01,5.589802908313144802e-03,2.000000000000000000e+00
1.206030150753768793e-01,6.105958773825107162e-03,5.000000000000000000e+00
1.206030150753768793e-01,2.383278759528669436e-17,6.000000000000000000e+00
1.206030150753768793e-01,2.547345050945497825e-17,7.000000000000000000e+00
1.206030150753768793e-01,6.332123324971229879e-03,8.000000000000000000e+00
1.206030150753768793e-01,5.649785837679229851e-03,1.100000000000000000e+01
1.407035175879396693e-01,7.596932856547027567e-03,2.000000000000000000e+00
1.407035175879396693e-01,8.256156002602326946e-03,5.000000000000000000e+00
1.407035175879396693e-01,2.340720210251371833e-17,6.000000000000000000e+00
1.407035175879396693e-01,2.232781860635036937e-17,7.000000000000000000e+00
1.407035175879396693e-01,8.483027925815827403e-03,8.000000000000000000e+00
1.407035175879396693e-01,7.692612316982646442e-03,1.100000000000000000e+01
1.608040201005025149e-01,9.886381761876518112e-03,2.000000000000000000e+00
1.608040201005025149e-01,1.070314327185876990e-02,5.000000000000000000e+00
1.608040201005025149e-01,2.507253663945145154e-17,6.000000000000000000e+00
1.608040201005025149e-01,2.316048587481923443e-17,7.000000000000000000e+00
1.608040201005025149e-01,1.091996338516738364e-02,8.000000000000000000e+00
1.608040201005025149e-01,1.002468724214129227e-02,1.100000000000000000e+01
1.809045226130653328e-01,1.244489914479997988e-02,2.000000000000000000e+00
1.809045226130653328e-01,1.343279002621464678e-02,5.000000000000000000e+00
1.809045226130653328e-01,2.564615186884111421e-17,6.000000000000000000e+00
1.809045226130653328e-01,2.416585450267424162e-17,7.000000000000000000e+00
1.809045226130653328e-01,1.362885608929741837e-02,8.000000000000000000e+00
1.809045226130653328e-01,1.263252307309568889e-02,1.100000000000000000e+01
2.010050251256281229e-01,1.525761003502329460e-02,2.000000000000000000e+00
2.010050251256281229e-01,1.642926290265105463e-02,5.000000000000000000e+00
2.010050251256281229e-01,2.485049203452642004e-17,6.000000000000000000e+00
2.010050251256281229e-01,2.579418160545780702e-17,7.000000000000000000e+00
2.010050251256281229e-01,1.659398751782014889e-02,8.000000000000000000e+00
2.010050251256281229e-01,1.550097605001623212e-02,1.100000000000000000e+01
2.211055276381909684e-01,1.830809127947187823e-02,2.000000000000000000e+00
2.211055276381909684e-01,1.967510742390262898e-02,5.000000000000000000e+00
2.211055276381909684e-01,2.427070889944439196e-17,6.000000000000000000e+00
2.211055276381909684e-01,2.563998396314875804e-17,7.000000000000000000e+00
2.211055276381909684e-01,1.979807627525194402e-02,8.000000000000000000e+00
2.211055276381909684e-01,1.861332514214689843e-02,1.100000000000000000e+01
2.412060301507537308e-01,2.157846410794140093e-02,2.000000000000000000e+00
2.412060301507537308e-01,2.315134664107884599e-02,5.000000000000000000e+00
2.412060301507537308e-01,2.351205649928386868e-17,6.000000000000000000e+00
2.412060301507537308e-01,2.557830490622513476e-17,7.000000000000000000e+00
2.412060301507537308e-01,2.322237702252909555e-02,8.000000000000000000e+00
2.412060301507537308e-01,2.195136730376928691e-02,1.100000000000000000e+01
2.613065326633166041e-01,2.684972156898889420e-02,2.000000000000000000e+00
2.613065326633166041e-01,2.821785662984358997e-02,5.000000000000000000e+00
2.613065326633166041e-01,3.246520686202834792e-17,6.000000000000000000e+00
2.613065326633166041e-01,2.827452787382221922e-17,7.000000000000000000e+00
2.613065326633166041e-01,2.583990639528259761e-02,8.000000000000000000e+00
2.613065326633166041e-01,2.541641884129093934e-02,1.100000000000000000e+01
2.814070351758793387e-01,3.106877708073065361e-02,2.000000000000000000e+00
2.814070351758793387e-01,3.174272087123102687e-02,5.000000000000000000e+00
2.814070351758793387e-01,2.682685639759805274e-17,6.000000000000000000e+00
2.814070351758793387e-01,2.692808463166079253e-17,7.000000000000000000e+00
2.814070351758793387e-01,2.890529466591238231e-02,8.000000000000000000e+00
2.814070351758793387e-01,3.024446682017173024e-02,1.100000000000000000e+01
3.015075376884422398e-01,3.406197795908955800e-02,2.000000000000000000e+00
3.015075376884422398e-01,3.564891090747430297e-02,5.000000000000000000e+00
3.015075376884422398e-01,2.120887174488986150e-17,6.000000000000000000e+00
3.015075376884422398e-01,2.202768800926049515e-17,7.000000000000000000e+00
3.015075376884422398e-01,3.514503159273876104e-02,8.000000000000000000e+00
3.015075376884422398e-01,3.367605482316919641e-02,1.100000000000000000e+01
3.216080402010050299e-01,3.864221841882480718e-02,2.000000000000000000e+00
3.216080402010050299e-01,3.876437057263484864e-02,5.000000000000000000e+00
3.216080402010050299e-01,2.607092808595868833e-17,6.000000000000000000e+00
3.216080402010050299e-01,2.808605670996613131e-17,7.000000000000000000e+00
3.216080402010050299e-01,4.050122924993450335e-02,8.000000000000000000e+00
3.216080402010050299e-01,3.799958046501353964e-02,1.100000000000000000e+01
3.417085427135678199e-01,4.366025361605430088e-02,2.000000000000000000e+00
3.417085427135678199e-01,4.441953341369633129e-02,5.000000000000000000e+00
3.417085427135678199e-01,2.399998917151875347e-17,6.000000000000000000e+00
3.417085427135678199e-01,2.352772556953200967e-17,7.000000000000000000e+00
3.417085427135678199e-01,4.412121990084068995e-02,8.000000000000000000e+00
3.417085427135678199e-01,4.259991963304683021e-02,1.100000000000000000e+01
3.618090452261306655e-01,4.730321364841352100e-02,2.000000000000000000e+00
3.618090452261306655e-01,4.862199158384761938e-02,5.000000000000000000e+00
3.618090452261306655e-01,2.856100930509615002e-17,6.000000000000000000e+00
3.618090452261306655e-01,2.827048630273699710e-17,7.000000000000000000e+00
3.618090452261306655e-01,4.962158908075497976e-02,8.000000000000000000e+00
3.618090452261306655e-01,4.766572285467205600e-02,1.100000000000000000e+01
3.819095477386935111e-01,5.269282159461611409e-02,2.000000000000000000e+00
3.819095477386935111e-01,5.443219976387500547e-02,5.000000000000000000e+00
3.819095477386935111e-01,2.378580652639593541e-17,6.000000000000000000e+00
3.819095477386935111e-01,2.143593288163302601e-17,7.000000000000000000e+00
3.819095477386935111e-01,5.335332398308197804e-02,8.000000000000000000e+00
3.819095477386935111e-01,5.149295439091974153e-02,1.100000000000000000e+01
4.020100502512563012e-01,5.793224130279652634e-02,2.000000000000000000e+00
4.020100502512563012e-01,5.939296436769937043e-02,5.000000000000000000e+00
4.020100502512563012e-01,3.004519511031879440e-17,6.000000000000000000e+00
4.020100502512563012e-01,2.920297429227208228e-17,7.000000000000000000e+00
4.020100502512563012e-01,5.737561415374711760e-02,8.000000000000000000e+00
4.020100502512563012e-01,5.631413720455922395e-02,1.100000000000000000e+01
4.221105527638191468e-01,6.222884172622250576e-02,2.000000000000000000e+00
4.221105527638191468e-01,6.339910531276997385e-02,5.000000000000000000e+00
4.221105527638191468e-01,2.246483501851714534e-17,6.000000000000000000e+00
4.221105527638191468e-01,2.143887692880297799e-17,7.000000000000000000e+00
4.221105527638191468e-01,6.156294990595504585e-02,8.000000000000000000e+00
4.221105527638191468e-01,6.213031012390385355e-02,1.100000000000000000e+01
4.422110552763819369e-01,6.596870488968085977e-02,2.000000000000000000e+00
4.422110552763819369e-01,6.809225186341102964e-02,5.000000000000000000e+00
4.422110552763819369e-01,2.583774831943002946e-17,6.000000000000000000e+00
4.422110552763819369e-01,2.325524357178914543e-17,7.000000000000000000e+00
4.422110552763819369e-01,6.625644236077586624e-02,8.000000000000000000e+00
4.422110552763819369e-01,6.672048470396071962e-02,1.100000000000000000e+01
4.623115577889447270e-01,7.044014369972326217e-02,2.000000000000000000e+00
4.623115577889447270e-01,7.205592121183267140e-02,5.000000000000000000e+00
4.623115577889447270e-01,2.710647777232030726e-17,6.000000000000000000e+00
4.623115577889447270e-01,2.538693787162557265e-17,7.000000000000000000e+00
4.623115577889447270e-01,7.078355308249223432e-02,8.000000000000000000e+00
4.623115577889447270e-01,6.984466318294227372e-02,1.100000000000000000e+01
4.824120603015075170e-01,7.547236128161043112e-02,2.000000000000000000e+00
4.824120603015075170e-01,7.742119082036318101e-02,5.000000000000000000e+00
4.824120603015075170e-01,2.578319384532645833e-17,6.000000000000000000e+00
4.824120603015075170e-01,2.514458312444660271e-17,7.000000000000000000e+00
4.824120603015075170e-01,7.530675807530003152e-02,8.000000000000000000e+00
4.824120603015075170e-01,7.387314400723378471e-02,1.100000000000000000e+01
5.025125628140703071e-01,8.008488581954835428e-02,2.000000000000000000e+00
5.025125628140703071e-01,8.053185571458605641e-02,5.000000000000000000e+00
5.025125628140703071e-01,2.436667159850842542e-17,6.000000000000000000e+00
5.025125628140703071e-01,2.284537716459345266e-17,7.000000000000000000e+00
5.025125628140703071e-01,7.907580395599507483e-02,8.000000000000000000e+00
5.025125628140703071e-01,7.913364311746455548e-02,1.100000000000000000e+01
5.226130653266332082e-01,8.384071977948319432e-02,2.000000000000000000e+00
5.226130653266332082e-01,8.429424923132229630e-02,5.000000000000000000e+00
5.226130653266332082e-01,2.601602527547327821e-17,6.000000000000000000e+00
5.226130653266332082e-01,2.457692054105411549e-17,7.000000000000000000e+00
5.226130653266332082e-01,8.349933939974429897e-02,8.000000000000000000e+00
5.226130653266332082e-01,8.313672547504757926e-02,1.100000000000000000e+01
5.427135678391959983e-01,8.838391982199055030e-02,2.000000000000000000e+00
5.427135678391959983e-01,8.844617847825324286e-02,5.000000000000000000e+00
5.427135678391959983e-01,2.370182261145015804e-17,6.000000000000000000e+00
5.427135678391959983e-01,2.278301855551057097e-17,7.000000000000000000e+00
5.427135678391959983e-01,8.767227191485273130e-02,8.000000000000000000e+00
5.427135678391959983e-01,8.735703538700929915e-02,1.100000000000000000e+01
5.628140703517587884e-01,9.241346289018115279e-02,2.000000000000000000e+00
5.628140703517587884e-01,9.346067538697150345e-02,5.000000000000000000e+00
5.628140703517587884e-01,2.363532125995216608e-17,6.000000000000000000e+00
5.628140703517587884e-01,2.162766357555787963e-17,7.000000000000000000e+00
5.628140703517587884e-01,9.192888651110753262e-02,8.000000000000000000e+00
5.628140703517587884e-01,9.204371921861220773e-02,1.100000000000000000e+01
5.829145728643215785e-01,9.671910539153953656e-02,2.000000000000000000e+00
5.829145728643215785e-01,9.656057772147018381e-02,5.000000000000000000e+00
5.829145728643215785e-01,2.662750049899600657e-17,6.000000000000000000e+00
5.829145728643215785e-01,2.547894669043548191e-17,7.000000000000000000e+00
5.829145728643215785e-01,9.601902681732227274e-02,8.000000000000000000e+00
5.829145728643215785e-01,9.533155059913540896e-02,1.100000000000000000e+01
6.030150753768844796e-01,1.001055403942484184e-01,2.000000000000000000e+00
6.030150753768844796e-01,1.012459461078018680e-01,5.000000000000000000e+00
6.030150753768844796e-01,2.659856482200457127e-17,6.000000000000000000e+00
6.030150753768844796e-01,2.475383019489829171e-17,7.000000000000000000e+00
6.030150753768844796e-01,1.000975364357350600e-01,8.000000000000000000e+00
6.030150753768844796e-01,9.954692148124261175e-02,1.100000000000000000e+01
6.231155778894472697e-01,1.033637318921297732e-01,2.000000000000000000e+00
6.231155778894472697e-01,1.041407679559459426e-01,5.000000000000000000e+00
6.231155778894472697e-01,2.597145423759123379e-17,6.000000000000000000e+00
6.231155778894472697e-01,2.413367009252011116e-17,7.000000000000000000e+00
6.231155778894472697e-01,1.037617100591776143e-01,8.000000000000000000e+00
6.231155778894472697e-01,1.028597841603787200e-01,1.100000000000000000e+01
6.432160804020100597e-01,1.070527704793671903e-01,2.000000000000000000e+00
6.432160804020100597e-01,1.069434630400533798e-01,5.000000000000000000e+00
6.432160804020100597e-01,2.562227000073899513e-17,6.000000000000000000e+00
6.432160804020100597e-01,2.296873875735528601e-17,7.000000000000000000e+00
6.432160804020100597e-01,1.072541655296619934e-01,8.000000000000000000e+00
6.432160804020100597e-01,1.066230934109444889e-01,1.100000000000000000e+01
6.633165829145728498e-01,1.101167405709639335e-01,2.000000000000000000e+00
6.633165829145728498e-01,1.099479017974650114e-01,5.000000000000000000e+00
6.633165829145728498e-01,2.409996321747291010e-17,6.000000000000000000e+00
6.633165829145728498e-01,2.302038177825140363e-17,7.000000000000000000e+00
6.633165829145728498e-01,1.110483265996695529e-01,8.000000000000000000e+00
6.633165829145728498e-01,1.093699421723911130e-01,1.100000000000000000e+01
6.834170854271356399e-01,1.139223109533387540e-01,2.000000000000000000e+00
6.834170854271356399e-01,1.137012844109032833e-01,5.000000000000000000e+00
6.834170854271356399e-01,2.405505853153185220e-17,6.000000000000000000e+00
6.834170854271356399e-01,2.257824666769495287e-17,7.000000000000000000e+00
6.834170854271356399e-01,1.134925083147490382e-01,8.000000000000000000e+00
6.834170854271356399e-01,1.125608074459908403e-01,1.100000000000000000e+01
7.035175879396985410e-01,1.167340836448814562e-01,2.000000000000000000e+00
7.035175879396985410e-01,1.163389405280911698e-01,5.000000000000000000e+00
7.035175879396985410e-01,2.620692318883442188e-17,6.000000000000000000e+00
7.035175879396985410e-01,2.524233086987329723e-17,7.000000000000000000e+00
7.035175879396985410e-01,1.168214932359750574e-01,8.000000000000000000e+00
7.035175879396985410e-01,1.160611711202389901e-01,1.100000000000000000e+01
7.236180904522613311e-01,1.193574424589702726e-01,2.000000000000000000e+00
7.236180904522613311e-01,1.188390200616156189e-01,5.000000000000000000e+00
7.236180904522613311e-01,2.474335144018784067e-17,6.000000000000000000e+00
7.236180904522613311e-01,2.349849248407025749e-17,7.000000000000000000e+00
7.236180904522613311e-01,1.198189763388158163e-01,8.000000000000000000e+00
7.236180904522613311e-01,1.188905841109269695e-01,1.100000000000000000e+01
7.437185929648241212e-01,1.218495321337147580e-01,2.000000000000000000e+00
7.437185929648241212e-01,1.211412374307377499e-01,5.000000000000000000e+00
7.437185929648241212e-01,2.471202645018721106e-17,6.000000000000000000e+00
7.437185929648241212e-01,2.302458842856735099e-17,7.000000000000000000e+00
7.437185929648241212e-01,1.218471669754445097e-01,8.000000000000000000e+00
7.437185929648241212e-01,1.212971635462305603e-01,1.100000000000000000e+01
7.638190954773869112e-01,1.240226460468110553e-01,2.000000000000000000e+00
7.638190954773869112e-01,1.231460642555696067e-01,5.000000000000000000e+00
7.638190954773869112e-01,2.535586951069840939e-17,6.000000000000000000e+00
7.638190954773869112e-01,2.529969638827445012e-17,7.000000000000000000e+00
7.638190954773869112e-01,1.239727642554440679e-01,8.000000000000000000e+00
7.638190954773869112e-01,1.235691677111274006e-01,1.100000000000000000e+01
7.839195979899498123e-01,1.259920612863356937e-01,2.000000000000000000e+00
7.839195979899498123e-01,1.252718355688977603e-01,5.000000000000000000e+00
7.839195979899498123e-01,2.587326855865022137e-17,6.000000000000000000e+00
7.839195979899498123e-01,2.471420323514138515e-17,7.000000000000000000e+00
7.839195979899498123e-01,1.262897689841385451e-01,8.000000000000000000e+00
7.839195979899498123e-01,1.253459721011727923e-01,1.100000000000000000e+01
8.040201005025126024e-01,1.279117720604577846e-01,2.000000000000000000e+00
8.040201005025126024e-01,1.269652408799418208e-01,5.000000000000000000e+00
8.040201005025126024e-01,2.404720396759212470e-17,6.000000000000000000e+00
8.040201005025126024e-01,2.393437920968548149e-17,7.000000000000000000e+00
8.040201005025126024e-01,1.284282530171828307e-01,8.000000000000000000e+00
8.040201005025126024e-01,1.273780998708890222e-01,1.100000000000000000e+01
8.241206030150755035e-01,1.292467167309732934e-01,2.000000000000000000e+00
8.241206030150755035e-01,1.283798751244209224e-01,5.000000000000000000e+00
8.241206030150755035e-01,2.270633322426144412e-17,6.000000000000000000e+00
8.241206030150755035e-01,2.194724292165522407e-17,7.000000000000000000e+00
8.241206030150755035e-01,1.302257358941304732e-01,8.000000000000000000e+00
8.241206030150755035e-01,1.290691875696844404e-01,1.100000000000000000e+01
8.442211055276380716e-01,1.307100145833662019e-01,2.000000000000000000e+00
8.442211055276380716e-01,1.296109432012151064e-01,5.000000000000000000e+00
8.442211055276380716e-01,2.759900067649245411e-17,6.000000000000000000e+00
8.442211055276380716e-01,2.636338703996914581e-17,7.000000000000000000e+00
8.442211055276380716e-01,1.316781614608300011e-01,8.000000000000000000e+00
8.442211055276380716e-01,1.307019766986221854e-01,1.100000000000000000e+01
8.643216080402009727e-01,1.317886500339565392e-01,2.000000000000000000e+00
8.643216080402009727e-01,1.310344026371828563e-01,5.000000000000000000e+00
8.643216080402009727e-01,2.490951310532871697e-17,6.000000000000000000e+00
8.643216080402009727e-01,2.444257751148661967e-17,7.000000000000000000e+00
8.643216080402009727e-01,1.324291162240610886e-01,8.000000000000000000e+00
8.643216080402009727e-01,1.315828797682315754e-01,1.100000000000000000e+01
8.844221105527638738e-01,1.331844865429470115e-01,2.000000000000000000e+00
8.844221105527638738e-01,1.320602013175219136e-01,5.000000000000000000e+00
8.844221105527638738e-01,2.381935473330856442e-17,6.000000000000000000e+00
8.844221105527638738e-01,2.427874117639482978e-17,7.000000000000000000e+00
8.844221105527638738e-01,1.336594163153489723e-01,8.000000000000000000e+00
8.844221105527638738e-01,1.328211247247034488e-01,1.100000000000000000e+01
9.045226130653265528e-01,1.339790017023047008e-01,2.000000000000000000e+00
9.045226130653265528e-01,1.330342157671092485e-01,5.000000000000000000e+00
9.045226130653265528e-01,2.543931145940310360e-17,6.000000000000000000e+00
9.045226130653265528e-01,2.515885212424755372e-17,7.000000000000000000e+00
9.045226130653265528e-01,1.343865381586362429e-01,8.000000000000000000e+00
9.045226130653265528e-01,1.337640332443756630e-01,1.100000000000000000e+01
9.246231155778894539e-01,1.351870741798314457e-01,2.000000000000000000e+00
9.246231155778894539e-01,1.341190664102585306e-01,5.000000000000000000e+00
9.246231155778894539e-01,2.439638236646004585e-17,6.000000000000000000e+00
9.246231155778894539e-01,2.477204282784970364e-17,7.000000000000000000e+00
9.246231155778894539e-01,1.355591206431570606e-01,8.000000000000000000e+00
9.246231155778894539e-01,1.350915451631636011e-01,1.100000000000000000e+01
9.447236180904521330e-01,1.359934328628723266e-01,2.000000000000000000e+00
9.447236180904521330e-01,1.348564949709409877e-01,5.000000000000000000e+00
9.447236180904521330e-01,2.648727115516567015e-17,6.000000000000000000e+00
9.447236180904521330e-01,2.483058734179906704e-17,7.000000000000000000e+00
9.447236180904521330e-01,1.364332343344222542e-01,8.000000000000000000e+00
9.447236180904521330e-01,1.357761849597327874e-01,1.100000000000000000e+01
9.648241206030150341e-01,1.368207672346636317e-01,2.000000000000000000e+00
9.648241206030150341e-01,1.358713655765468598e-01,5.000000000000000000e+00
9.648241206030150341e-01,2.441387139566864323e-17,6.000000000000000000e+00
9.648241206030150341e-01,2.442657372209718628e-17,7.000000000000000000e+00
9.648241206030150341e-01,1.371542390790863319e-01,8.000000000000000000e+00
9.648241206030150341e-01,1.367137995000530515e-01,1.100000000000000000e+01
9.849246231155779352e-01,1.375916751454068221e-01,2.000000000000000000e+00
9.849246231155779352e-01,1.366966407930663985e-01,5.000000000000000000e+00
9.849246231155779352e-01,2.731909117919277859e-17,6.000000000000000000e+00
9.849246231155779352e-01,2.609512671718276191e-17,7.000000000000000000e+00
9.849246231155779352e-01,1.379257034667142889e-01,8.000000000000000000e+00
9.849246231155779352e-01,1.371838102233266798e-01,1.100000000000000000e+01
1.005025125628140614e+00,1.384419304633498771e-01,2.000000000000000000e+00
1.005025125628140614e+00,1.372970625513481313e-01,5.000000000000000000e+00
1.005025125628140614e+00,2.482528137270075971e-17,6.000000000000000000e+00
1.005025125628140614e+00,2.550797758461699665e-17,7.000000000000000000e+00
1.005025125628140614e+00,1.387310474686621331e-01,8.000000000000000000e+00
1.005025125628140614e+00,1.381259594008691638e-01,1.100000000000000000e+01
1.025125628140703515e+00,1.389928613784779110e-01,2.000000000000000000e+00
1.025125628140703515e+00,1.377654514343025494e-01,5.000000000000000000e+00
1.025125628140703515e+00,2.545967601424693847e-17,6.000000000000000000e+00
1.025125628140703515e+00,2.501414812057355417e-17,7.000000000000000000e+00
1.025125628140703515e+00,1.393715830264736777e-01,8.000000000000000000e+00
1.025125628140703515e+00,1.386247991449245098e-01,1.100000000000000000e+01
1.045226130653266416e+00,1.396133190299548577e-01,2.000000000000000000e+00
1.045226130653266416e+00,1.384478879318163380e-01,5.000000000000000000e+00
1.045226130653266416e+00,2.494799453257819937e-17,6.000000000000000000e+00
1.045226130653266416e+00,2.471132399584754659e-17,7.000000000000000000e+00
1.045226130653266416e+00,1.399846606104213353e-01,8.000000000000000000e+00
1.045226130653266416e+00,1.391401410827411700e-01,1.100000000000000000e+01
1.065326633165829096e+00,1.400221726006614376e-01,2.000000000000000000e+00
1.065326633165829096e+00,1.388873754912911263e-01,5.000000000000000000e+00
1.065326633165829096e+00,2.579464614670740433e-17,6.000000000000000000e+00
1.065326633165829096e+00,2.584278117750501365e-17,7.000000000000000000e+00
1.065326633165829096e+00,1.402808165198914103e-01,8.000000000000000000e+00
1.065326633165829096e+00,1.395745711549349066e-01,1.100000000000000000e+01
1.085427135678391997e+00,1.404101659965855953e-01,2.000000000000000000e+00
1.085427135678391997e+00,1.391885213229016316e-01,5.000000000000000000e+00
1.085427135678391997e+00,2.474917301667392194e-17,6.000000000000000000e+00
1.085427135678391997e+00,2.546195102426583274e-17,7.000000000000000000e+00
1.085427135678391997e+00,1.405639040469389700e-01,8.000000000000000000e+00
1.085427135678391997e+00,1.398459032116574907e-01,1.100000000000000000e+01
1.105527638190954898e+00,1.405995131464392589e-01,2.000000000000000000e+00
1.105527638190954898e+00,1.394733098131104576e-01,5.000000000000000000e+00
1.105527638190954898e+00,2.479666919937224441e-17,6.000000000000000000e+00
1.105527638190954898e+00,2.539628638907998977e-17,7.000000000000000000e+00
1.105527638190954898e+00,1.410196154684306979e-01,8.000000000000000000e+00
1.105527638190954898e+00,1.402744237654819925e-01,1.100000000000000000e+01
1.125628140703517577e+00,1.410430677606383520e-01,2.000000000000000000e+00
1.125628140703517577e+00,1.397781544488157224e-01,5.000000000000000000e+00
1.125628140703517577e+00,2.576391500237645204e-17,6.000000000000000000e+00
1.125628140703517577e+00,2.467237711491265183e-17,7.000000000000000000e+00
1.125628140703517577e+00,1.413987708056237691e-01,8.000000000000000000e+00
1.125628140703517577e+00,1.405776739490226523e-01,1.100000000000000000e+01
1.145728643216080478e+00,1.412513295643564593e-01,2.000000000000000000e+00
1.145728643216080478e+00,1.401001091140910149e-01,5.000000000000000000e+00
1.145728643216080478e+00,2.379803998698774990e-17,6.000000000000000000e+00
1.145728643216080478e+00,2.404883636508219112e-17,7.000000000000000000e+00
1.145728643216080478e+00,1.416838249605229250e-01,8.000000000000000000e+00
1.145728643216080478e+00,1.408720283497514048e-01,1.100000000000000000e+01
1.165829145728643157e+00,1.416468498415153487e-01,2.000000000000000000e+00
1.165829145728643157e+00,1.404776818303735686e-01,5.000000000000000000e+00
1.165829145728643157e+00,2.646955923552864712e-17,6.000000000000000000e+00
1.165829145728643157e+00,2.623180445766952453e-17,7.000000000000000000e+00
1.165829145728643157e+00,1.421010397129336134e-01,8.000000000000000000e+00
1.165829145728643157e+00,1.412845714280774601e-01,1.100000000000000000e+01
1.185929648241206058e+00,1.418510996433266225e-01,2.000000000000000000e+00
1.185929648241206058e+00,1.407244810267392898e-01,5.000000000000000000e+00
1.185929648241206058e+00,2.586187440784900728e-17,6.000000000000000000e+00
1.185929648241206058e+00,2.644259447788939534e-17,7.000000000000000000e+00
1.185929648241206058e+00,1.423075054481180712e-01,8.000000000000000000e+00
1.185929648241206058e+00,1.414946644144236265e-01,1.100000000000000000e+01
1.206030150753768737e+00,1.419186523403870026e-01,2.000000000000000000e+00
1.206030150753768737e+00,1.408449884558495013e-01,5.000000000000000000e+00
1.206030150753768737e+00,2.550507307038772363e-17,6.000000000000000000e+00
1.206030150753768737e+00,2.456095252037615373e-17,7.000000000000000000e+00
1.206030150753768737e+00,1.424777665941821536e-01,8.000000000000000000e+00
1.206030150753768737e+00,1.416856045644747375e-01,1.100000000000000000e+01
1.226130653266331638e+00,1.420963200299268092e-01,2.000000000000000000e+00
1.226130653266331638e+00,1.409426299937993066e-01,5.000000000000000000e+00
1.226130653266331638e+00,2.618485706273773898e-17,6.000000000000000000e+00
1.226130653266331638e+00,2.549430020577525613e-17,7.000000000000000000e+00
1.226130653266331638e+00,1.425378058071746779e-01,8.000000000000000000e+00
1.226130653266331638e+00,1.418200076149710442e-01,1.100000000000000000e+01
1.246231155778894317e+00,1.421806737587470448e-01,2.000000000000000000e+00
1.246231155778894317e+00,1.410727932943997565e-01,5.000000000000000000e+00
1.246231155778894317e+00,2.438874142125825335e-17,6.000000000000000000e+00
1.246231155778894317e+00,2.476558555162413031e-17,7.000000000000000000e+00
1.246231155778894317e+00,1.426648856045042713e-01,8.000000000000000000e+00
1.246231155778894317e+00,1.418862758643469890e-01,1.100000000000000000e+01
1.266331658291457218e+00,1.422508992121392368e-01,2.000000000000000000e+00
1.266331658291457218e+00,1.411422026761370019e-01,5.000000000000000000e+00
1.266331658291457218e+00,2.462909574967828758e-17,6.000000000000000000e+00
1.266331658291457218e+00,2.476560376357440980e-17,7.000000000000000000e+00
1.266331658291457218e+00,1.427296315651939429e-01,8.000000000000000000e+00
1.266331658291457218e+00,1.419371080630644766e-01,1.100000000000000000e+01
1.286432160804019897e+00,1.423066381747329634e-01,2.000000000000000000e+00
1.286432160804019897e+00,1.411769847354142626e-01,5.000000000000000000e+00
1.286432160804019897e+00,2.550267290280113679e-17,6.000000000000000000e+00
1.286432160804019897e+00,2.506862913066376078e-17,7.000000000000000000e+00
1.286432160804019897e+00,1.427862496356964717e-01,8.000000000000000000e+00
1.286432160804019897e+00,1.420522585721258890e-01,1.100000000000000000e+01
1.306532663316583021e+00,1.423316528740339038e-01,2.000000000000000000e+00
1.306532663316583021e+00,1.411888861496309044e-01,5.000000000000000000e+00
1.306532663316583021e+00,2.483525527381874885e-17,6.000000000000000000e+00
1.306532663316583021e+00,2.521289730924642251e-17,7.000000000000000000e+00
1.306532663316583021e+00,1.427812963458628681e-01,8.000000000000000000e+00
1.306532663316583021e+00,1.420880440522829247e-01,1.100000000000000000e+01
1.326633165829145700e+00,1.423570997629181323e-01,2.000000000000000000e+00
1.326633165829145700e+00,1.412234835971984126e-01,5.000000000000000000e+00
1.326633165829145700e+00,2.429236763331929405e-17,6.000000000000000000e+00
1.326633165829145700e+00,2.510060411716288958e-17,7.000000000000000000e+00
1.326633165829145700e+00,1.428437914538169540e-01,8.000000000000000000e+00
1.326633165829145700e+00,1.421449558369438371e-01,1.100000000000000000e+01
1.346733668341708601e+00,1.423611664505197716e-01,2.000000000000000000e+00
1.346733668341708601e+00,1.412444933077763309e-01,5.000000000000000000e+00
1.346733668341708601e+00,2.683195439784501040e-17,6.000000000000000000e+00
1.346733668341708601e+00,2.649629945676462226e-17,7.000000000000000000e+00
1.346733668341708601e+00,1.428656083738500115e-01,8.000000000000000000e+00
1.346733668341708601e+00,1.421736214986340785e-01,1.100000000000000000e+01
1.366834170854271280e+00,1.423639957550999202e-01,2.000000000000000000e+00
1.366834170854271280e+00,1.412810450503760584e-01,5.000000000000000000e+00
1.366834170854271280e+00,2.644743981978235237e-17,6.000000000000000000e+00
1.366834170854271280e+00,2.629877538613222648e-17,7.000000000000000000e+00
1.366834170854271280e+00,1.428754169590417400e-01,8.000000000000000000e+00
1.366834170854271280e+00,1.422201841282403623e-01,1.100000000000000000e+01
1.386934673366833959e+00,1.423713068291083961e-01,2.000000000000000000e+00
1.386934673366833959e+00,1.412827742893701666e-01,5.000000000000000000e+00
1.386934673366833959e+00,2.668266540616400738e-17,6.000000000000000000e+00
1.386934673366833959e+00,2.673380931252192056e-17,7.000000000000000000e+00
1.386934673366833959e+00,1.428831886367352977e-01,8.000000000000000000e+00
1.386934673366833959e+00,1.422282938933255303e-01,1.100000000000000000e+01
1.407035175879397082e+00,1.423581888319594146e-01,2.000000000000000000e+00
1.407035175879397082e+00,1.412639934297699462e-01,5.000000000000000000e+00
1.407035175879397082e+00,2.500519330536025600e-17,6.000000000000000000e+00
1.407035175879397082e+00,2.504928241358709612e-17,7.000000000000000000e+00
1.407035175879397082e+00,1.428647751942947186e-01,8.000000000000000000e+00
1.407035175879397082e+00,1.422244877829602350e-01,1.100000000000000000e+01
1.427135678391959539e+00,1.424054454514591117e-01,2.000000000000000000e+00
1.427135678391959539e+00,1.412861990878947482e-01,5.000000000000000000e+00
1.427135678391959539e+00,2.407587177922398646e-17,6.000000000000000000e+00
1.427135678391959539e+00,2.488596965422071711e-17,7.000000000000000000e+00
1.427135678391959539e+00,1.428848465894162201e-01,8.000000000000000000e+00
1.427135678391959539e+00,1.422840971192883830e-01,1.100000000000000000e+01
1.447236180904522662e+00,1.424014781007336694e-01,2.000000000000000000e+00
1.447236180904522662e+00,1.413080456485791836e-01,5.000000000000000000e+00
1.447236180904522662e+00,2.630013553651299205e-17,6.000000000000000000e+00
1.447236180904522662e+00,2.668973425489211594e-17,7.000000000000000000e+00
1.447236180904522662e+00,1.428843881907297109e-01,8.000000000000000000e+00
1.447236180904522662e+00,1.422808057361088785e-01,1.100000000000000000e+01
1.467336683417085119e+00,1.424144105490115220e-01,2.000000000000000000e+00
1.467336683417085119e+00,1.413490366528711295e-01,5.000000000000000000e+00
1.467336683417085119e+00,2.465359264194547205e-17,6.000000000000000000e+00
1.467336683417085119e+00,2.466321940297228299e-17,7.000000000000000000e+00
1.467336683417085119e+00,1.429017770856386149e-01,8.000000000000000000e+00
1.467336683417085119e+00,1.423091275907500675e-01,1.100000000000000000e+01
1.487437185929648242e+00,1.424072239091390135e-01,2.000000000000000000e+00
1.487437185929648242e+00,1.413417194514084430e-01,5.000000000000000000e+00
1.487437185929648242e+00,2.482588828858539448e-17,6.000000000000000000e+00
1.487437185929648242e+00,2.572112194924396161e-17,7.000000000000000000e+00
1.487437185929648242e+00,1.429010128009129688e-01,8.000000000000000000e+00
1.487437185929648242e+00,1.423015367630761363e-01,1.100000000000000000e+01
1.507537688442211143e+00,1.424072927506621900e-01,2.000000000000000000e+00
1.507537688442211143e+00,1.413538474374098353e-01,5.000000000000000000e+00
1.507537688442211143e+00,2.653113842233396243e-17,6.000000000000000000e+00
1.507537688442211143e+00,2.603655094229100358e-17,7.000000000000000000e+00
1.507537688442211143e+00,1.429009547784159395e-01,8.000000000000000000e+00
1.507537688442211143e+00,1.423009901471047611e-01,1.100000000000000000e+01
1.527638190954773822e+00,1.424193944776298848e-01,2.000000000000000000e+00
1.527638190954773822e+00,1.413729289399456579e-01,5.000000000000000000e+00
1.527638190954773822e+00,2.429934262740254598e-17,6.000000000000000000e+00
1.527638190954773822e+00,2.485460223120270602e-17,7.000000000000000000e+00
1.527638190954773822e+00,1.429061293525729914e-01,8.000000000000000000e+00
1.527638190954773822e+00,1.423057991604685102e-01,1.100000000000000000e+01
1.547738693467336724e+00,1.424252149668164824e-01,2.000000000000000000e+00
1.547738693467336724e+00,1.413724281358816059e-01,5.000000000000000000e+00
1.547738693467336724e+00,2.503227650062466573e-17,6.000000000000000000e+00
1.547738693467336724e+00,2.473430659530624269e-17,7.000000000000000000e+00
1.547738693467336724e+00,1.429057326833680641e-01,8.000000000000000000e+00
1.547738693467336724e+00,1.423058367590690210e-01,1.100000000000000000e+01
1.567839195979899625e+00,1.424222770717709918e-01,2.000000000000000000e+00
1.567839195979899625e+00,1.413694560827524760e-01,5.000000000000000000e+00
1.567839195979899625e+00,2.449321839212444161e-17,6.000000000000000000e+00
1.567839195979899625e+00,2.509653609967064928e-17,7.000000000000000000e+00
1.567839195979899625e+00,1.429019357781672328e-01,8.000000000000000000e+00
1.567839195979899625e+00,1.423018866802576998e-01,1.100000000000000000e+01
1.587939698492462304e+00,1.424327121122545003e-01,2.000000000000000000e+00
1.587939698492462304e+00,1.413930194937060014e-01,5.000000000000000000e+00
1.587939698492462304e+00,2.626658786107603386e-17,6.000000000000000000e+00
1.587939698492462304e+00,2.672886618706075682e-17,7.000000000000000000e+00
1.587939698492462304e+00,1.429263303861283141e-01,8.000000000000000000e+00
1.587939698492462304e+00,1.423123693243887045e-01,1.100000000000000000e+01
1.608040201005025205e+00,1.424314886851183737e-01,2.000000000000000000e+00
1.608040201005025205e+00,1.413920184190941842e-01,5.000000000000000000e+00
1.608040201005025205e+00,2.686268197729568711e-17,6.000000000000000000e+00
1.608040201005025205e+00,2.635747998089159399e-17,7.000000000000000000e+00
1.608040201005025205e+00,1.429253950161548936e-01,8.000000000000000000e+00
1.608040201005025205e+00,1.423120503448586649e-01,1.100000000000000000e+01
1.628140703517587884e+00,1.424278466684374966e-01,2.000000000000000000e+00
1.628140703517587884e+00,1.413877166902004767e-01,5.000000000000000000e+00
1.628140703517587884e+00,2.637307996306067063e-17,6.000000000000000000e+00
1.628140703517587884e+00,2.657959383647335575e-17,7.000000000000000000e+00
1.628140703517587884e+00,1.429214056758573992e-01,8.000000000000000000e+00
1.628140703517587884e+00,1.423076552829184716e-01,1.100000000000000000e+01
1.648241206030150785e+00,1.424278016282055637e-01,2.000000000000000000e+00
1.648241206030150785e+00,1.413877160321813931e-01,5.000000000000000000e+00
1.648241206030150785e+00,2.592982244629958300e-17,6.000000000000000000e+00
1.648241206030150785e+00,2.545240118682680616e-17,7.000000000000000000e+00
1.648241206030150785e+00,1.429213073745961571e-01,8.000000000000000000e+00
1.648241206030150785e+00,1.423075967497158811e-01,1.100000000000000000e+01
1.668341708542713686e+00,1.424275387210990618e-01,2.000000000000000000e+00
1.668341708542713686e+00,1.413873693001011234e-01,5.000000000000000000e+00
1.668341708542713686e+00,2.555872645027065495e-17,6.000000000000000000e+00
1.668341708542713686e+00,2.534074394380232526e-17,7.000000000000000000e+00
1.668341708542713686e+00,1.429208409753957298e-01,8.000000000000000000e+00
1.668341708542713686e+00,1.423072627593131856e-01,1.100000000000000000e+01
1.688442211055276365e+00,1.424319059053422432e-01,2.000000000000000000e+00
1.688442211055276365e+00,1.413918937216017413e-01,5.000000000000000000e+00
1.688442211055276365e+00,2.487504436761398649e-17,6.000000000000000000e+00
1.688442211055276365e+00,2.492426523945647145e-17,7.000000000000000000e+00
1.688442211055276365e+00,1.429251808290634418e-01,8.000000000000000000e+00
1.688442211055276365e+00,1.423254151978075310e-01,1.100000000000000000e+01
1.708542713567839266e+00,1.424325169187673767e-01,2.000000000000000000e+00
1.708542713567839266e+00,1.413925388165085117e-01,5.000000000000000000e+00
1.708542713567839266e+00,2.464744409556038869e-17,6.000000000000000000e+00
1.708542713567839266e+00,2.506156556617498358e-17,7.000000000000000000e+00
1.708542713567839266e+00,1.429258307937880390e-01,8.000000000000000000e+00
1.708542713567839266e+00,1.423260281222271384e-01,1.100000000000000000e+01
1.728643216080401945e+00,1.424301661889625648e-01,2.000000000000000000e+00
1.728643216080401945e+00,1.413902397640310060e-01,5.000000000000000000e+00
1.728643216080401945e+00,2.457219612968704853e-17,6.000000000000000000e+00
1.728643216080401945e+00,2.462511676052751281e-17,7.000000000000000000e+00
1.728643216080401945e+00,1.429236021277302260e-01,8.000000000000000000e+00
1.728643216080401945e+00,1.423235392821083911e-01,1.100000000000000000e+01
1.748743718592964846e+00,1.424305636095030969e-01,2.000000000000000000e+00
1.748743718592964846e+00,1.413905951968914831e-01,5.000000000000000000e+00
1.748743718592964846e+00,2.451261416069882665e-17,6.000000000000000000e+00
1.748743718592964846e+00,2.451520468108962333e-17,7.000000000000000000e+00
1.748743718592964846e+00,1.429239657913877748e-01,8.000000000000000000e+00
1.748743718592964846e+00,1.423239195547681135e-01,1.100000000000000000e+01
1.768844221105527525e+00,1.424308736882876902e-01,2.000000000000000000e+00
1.768844221105527525e+00,1.413908713698817377e-01,5.000000000000000000e+00
1.768844221105527525e+00,2.474909166494399038e-17,6.000000000000000000e+00
1.768844221105527525e+00,2.439271007403931309e-17,7.000000000000000000e+00
1.768844221105527525e+00,1.429242476541995321e-01,8.000000000000000000e+00
1.768844221105527525e+00,1.423242147812344705e-01,1.100000000000000000e+01
1.788944723618090427e+00,1.424311168210729839e-01,2.000000000000000000e+00
1.788944723618090427e+00,1.413910873399409629e-01,5.000000000000000000e+00
1.788944723618090427e+00,2.471615504854677425e-17,6.000000000000000000e+00
1.788944723618090427e+00,2.429723089392154966e-17,7.000000000000000000e+00
1.788944723618090427e+00,1.429244672506214398e-01,8.000000000000000000e+00
1.788944723618090427e+00,1.423244451941573785e-01,1.100000000000000000e+01
1.809045226130653106e+00,1.424313090149554040e-01,2.000000000000000000e+00
1.809045226130653106e+00,1.413912579887956766e-01,5.000000000000000000e+00
1.809045226130653106e+00,2.457552679876092117e-17,6.000000000000000000e+00
1.809045226130653106e+00,2.419805097038836946e-17,7.000000000000000000e+00
1.809045226130653106e+00,1.429246398572382726e-01,8.000000000000000000e+00
1.809045226130653106e+00,1.423246266207012500e-01,1.100000000000000000e+01
1.829145728643216007e+00,1.424285642511051719e-01,2.000000000000000000e+00
1.829145728643216007e+00,1.413886219001777300e-01,5.000000000000000000e+00
1.829145728643216007e+00,2.468272477765401079e-17,6.000000000000000000e+00
1.829145728643216007e+00,2.436335700825889789e-17,7.000000000000000000e+00
1.829145728643216007e+00,1.429218815092286321e-01,8.000000000000000000e+00
1.829145728643216007e+00,1.423219928613738972e-01,1.100000000000000000e+01
1.849246231155778908e+00,1.424286739548270841e-01,2.000000000000000000e+00
1.849246231155778908e+00,1.413887303819476304e-01,5.000000000000000000e+00
1.849246231155778908e+00,2.444514180204373800e-17,6.000000000000000000e+00
1.849246231155778908e+00,2.401290361588673629e-17,7.000000000000000000e+00
1.849246231155778908e+00,1.429219953043764646e-01,8.000000000000000000e+00
1.849246231155778908e+00,1.423221024622631226e-01,1.100000000000000000e+01
1.869346733668341587e+00,1.424287657457424250e-01,2.000000000000000000e+00
1.869346733668341587e+00,1.413888211686301355e-01,5.000000000000000000e+00
1.869346733668341587e+00,2.463794667788945926e-17,6.000000000000000000e+00
1.869346733668341587e+00,2.395221263769345734e-17,7.000000000000000000e+00
1.869346733668341587e+00,1.429220909148693763e-01,8.000000000000000000e+00
1.869346733668341587e+00,1.423221939382973700e-01,1.100000000000000000e+01
1.889447236180904488e+00,1.424288448215942637e-01,2.000000000000000000e+00
1.889447236180904488e+00,1.413888993622339496e-01,5.000000000000000000e+00
1.889447236180904488e+00,2.435854613803625335e-17,6.000000000000000000e+00
1.889447236180904488e+00,2.404435930580398651e-17,7.000000000000000000e+00
1.889447236180904488e+00,1.429221735341606181e-01,8.000000000000000000e+00
1.889447236180904488e+00,1.423222724483981794e-01,1.100000000000000000e+01
1.909547738693467611e+00,1.424289150871063392e-01,2.000000000000000000e+00
1.909547738693467611e+00,1.413889687987875121e-01,5.000000000000000000e+00
1.909547738693467611e+00,2.459094817648368931e-17,6.000000000000000000e+00
1.909547738693467611e+00,2.382638987802446260e-17,7.000000000000000000e+00
1.909547738693467611e+00,1.429222470648978949e-01,8.000000000000000000e+00
1.909547738693467611e+00,1.423223418763695791e-01,1.100000000000000000e+01
1.929648241206030068e+00,1.424289794368897855e-01,2.000000000000000000e+00
1.929648241206030068e+00,1.413890323249375747e-01,5.000000000000000000e+00
1.929648241206030068e+00,2.472232194025572241e-17,6.000000000000000000e+00
1.929648241206030068e+00,2.359472797345744202e-17,7.000000000000000000e+00
1.929648241206030068e+00,1.429223144010568491e-01,8.000000000000000000e+00
1.929648241206030068e+00,1.423224051093303633e-01,1.100000000000000000e+01
1.949748743718592747e+00,1.424290399797479567e-01,2.000000000000000000e+00
1.949748743718592747e+00,1.413890920173276056e-01,5.000000000000000000e+00
1.949748743718592747e+00,2.494658250601869082e-17,6.000000000000000000e+00
1.949748743718592747e+00,2.366800122761762229e-17,7.000000000000000000e+00
1.949748743718592747e+00,1.429223776518501743e-01,8.000000000000000000e+00
1.949748743718592747e+00,1.423224642585844968e-01,1.100000000000000000e+01
1.969849246231156092e+00,1.424290982160618946e-01,2.000000000000000000e+00
1.969849246231156092e+00,1.413891493561527657e-01,5.000000000000000000e+00
1.969849246231156092e+00,2.481409854142604389e-17,6.000000000000000000e+00
1.969849246231156092e+00,2.361582178904900626e-17,7.000000000000000000e+00
1.969849246231156092e+00,1.429224383189701686e-01,8.000000000000000000e+00
1.969849246231156092e+00,1.423225208343776305e-01,1.100000000000000000e+01
1.989949748743718327e+00,1.424291551777605025e-01,2.000000000000000000e+00
1.989949748743718327e+00,1.413892053621614020e-01,5.000000000000000000e+00
1.989949748743718327e+00,2.458798764096206166e-17,6.000000000000000000e+00
1.989949748743718327e+00,2.343522912222998479e-17,7.000000000000000000e+00
1.989949748743718327e+00,1.429224974365728151e-01,8.000000000000000000e+00
1.989949748743718327e+00,1.423225758838594091e-01,1.100000000000000000e+01
2.010050251256280784e+00,1.424292115385631385e-01,2.000000000000000000e+00
2.010050251256280784e+00,1.413892607046036420e-01,5.000000000000000000e+00
2.010050251256280784e+00,2.517158320566205921e-17,6.000000000000000000e+00
2.010050251256280784e+00,2.340858430253537603e-17,7.000000000000000000e+00
2.010050251256280784e+00,1.429225556816204057e-01,8.000000000000000000e+00
2.010050251256280784e+00,1.423226300997907645e-01,1.100000000000000000e+01
2.030150753768844130e+00,1.424292677006793739e-01,2.000000000000000000e+00
2.030150753768844130e+00,1.413893157861615402e-01,5.000000000000000000e+00
2.030150753768844130e+00,2.479337479277468425e-17,6.000000000000000000e+00
2.030150753768844130e+00,2.341820604298064970e-17,7.000000000000000000e+00
2.030150753768844130e+00,1.429226134607149423e-01,8.000000000000000000e+00
2.030150753768844130e+00,1.423226839060663662e-01,1.100000000000000000e+01
2.050251256281407031e+00,1.424293238629132374e-01,2.000000000000000000e+00
2.050251256281407031e+00,1.413893708096889135e-01,5.000000000000000000e+00
2.050251256281407031e+00,2.500542314951095287e-17,6.000000000000000000e+00
2.050251256281407031e+00,2.340932443641578217e-17,7.000000000000000000e+00
2.050251256281407031e+00,1.429226709783329163e-01,8.000000000000000000e+00
2.050251256281407031e+00,1.423227375249097870e-01,1.100000000000000000e+01
2.070351758793969488e+00,1.424293800741085192e-01,2.000000000000000000e+00
2.070351758793969488e+00,1.413894258306047369e-01,5.000000000000000000e+00
2.070351758793969488e+00,2.534699493531824386e-17,6.000000000000000000e+00
2.070351758793969488e+00,2.338082928202015651e-17,7.000000000000000000e+00
2.070351758793969488e+00,1.429227282903751395e-01,8.000000000000000000e+00
2.070351758793969488e+00,1.423227910296110954e-01,1.100000000000000000e+01
2.090452261306532833e+00,1.424294362750526954e-01,2.000000000000000000e+00
2.090452261306532833e+00,1.413894807979838297e-01,5.000000000000000000e+00
2.090452261306532833e+00,2.508646780941538992e-17,6.000000000000000000e+00
2.090452261306532833e+00,2.332531924098972055e-17,7.000000000000000000e+00
2.090452261306532833e+00,1.429227853461329800e-01,8.000000000000000000e+00
2.090452261306532833e+00,1.423228443858722547e-01,1.100000000000000000e+01
2.110552763819095290e+00,1.424294923312948991e-01,2.000000000000000000e+00
2.110552763819095290e+00,1.413895355867451353e-01,5.000000000000000000e+00
2.110552763819095290e+00,2.528741415794557258e-17,6.000000000000000000e+00
2.110552763819095290e+00,2.332938997733194971e-17,7.000000000000000000e+00
2.110552763819095290e+00,1.429228420211202666e-01,8.000000000000000000e+00
2.110552763819095290e+00,1.423228974841788674e-01,1.100000000000000000e+01
2.130653266331658191e+00,1.424295480588046448e-01,2.000000000000000000e+00
2.130653266331658191e+00,1.413895900228210045e-01,5.000000000000000000e+00
2.130653266331658191e+00,2.567265384269680742e-17,6.000000000000000000e+00
2.130653266331658191e+00,2.335085385986372473e-17,7.000000000000000000e+00
2.130653266331658191e+00,1.429228981426957368e-01,8.000000000000000000e+00
2.130653266331658191e+00,1.423229501650972728e-01,1.100000000000000000e+01
2.150753768844220648e+00,1.424296032439781590e-01,2.000000000000000000e+00
2.150753768844220648e+00,1.413896439027814145e-01,5.000000000000000000e+00
2.150753768844220648e+00,2.554794128384842652e-17,6.000000000000000000e+00
2.150753768844220648e+00,2.335085385986371856e-17,7.000000000000000000e+00
2.150753768844220648e+00,1.429229535099841852e-01,8.000000000000000000e+00
2.150753768844220648e+00,1.423230022389837257e-01,1.100000000000000000e+01
2.170854271356783993e+00,1.424296576591656260e-01,2.000000000000000000e+00
2.170854271356783993e+00,1.413896970090628702e-01,5.000000000000000000e+00
2.170854271356783993e+00,2.526224960601177302e-17,6.000000000000000000e+00
2.170854271356783993e+00,2.333346071367418194e-17,7.000000000000000000e+00
2.170854271356783993e+00,1.429230079092760897e-01,8.000000000000000000e+00
2.170854271356783993e+00,1.423230535012663112e-01,1.100000000000000000e+01
2.190954773869346894e+00,1.424297110746342021e-01,2.000000000000000000e+00
2.190954773869346894e+00,1.413897491216977165e-01,5.000000000000000000e+00
2.190954773869346894e+00,2.567376404351741201e-17,6.000000000000000000e+00
2.190954773869346894e+00,2.332938997733194971e-17,7.000000000000000000e+00
2.190954773869346894e+00,1.429230611258255623e-01,8.000000000000000000e+00
2.190954773869346894e+00,1.423231037442040381e-01,1.100000000000000000e+01
2.211055276381909795e+00,1.424297632676785053e-01,2.000000000000000000e+00
2.211055276381909795e+00,1.413898000272428013e-01,5.000000000000000000e+00
2.211055276381909795e+00,2.516788253626003467e-17,6.000000000000000000e+00
2.211055276381909795e+00,2.332716957569073436e-17,7.000000000000000000e+00
2.211055276381909795e+00,1.429231129527676336e-01,8.000000000000000000e+00
2.211055276381909795e+00,1.423231527658289364e-01,1.100000000000000000e+01
2.231155778894471808e+00,1.424298140294336379e-01,2.000000000000000000e+00
2.231155778894471808e+00,1.413898495254527488e-01,5.000000000000000000e+00
2.231155778894471808e+00,2.519082668655261272e-17,6.000000000000000000e+00
2.231155778894471808e+00,2.332309883934850213e-17,7.000000000000000000e+00
2.231155778894471808e+00,1.429231631977175010e-01,8.000000000000000000e+00
2.231155778894471808e+00,1.423232003766219667e-01,1.100000000000000000e+01
2.251256281407035154e+00,1.424298631698275308e-01,2.000000000000000000e+00
2.251256281407035154e+00,1.413898974341258885e-01,5.000000000000000000e+00
2.251256281407035154e+00,2.566932324023498133e-17,6.000000000000000000e+00
2.251256281407035154e+00,2.332494917404951594e-17,7.000000000000000000e+00
2.251256281407035154e+00,1.429232116874966929e-01,8.000000000000000000e+00
2.251256281407035154e+00,1.423232464043569234e-01,1.100000000000000000e+01
2.271356783919598055e+00,1.424299105210165284e-01,2.000000000000000000e+00
2.271356783919598055e+00,1.413899435924637904e-01,5.000000000000000000e+00
2.271356783919598055e+00,2.520155862781849715e-17,6.000000000000000000e+00
2.271356783919598055e+00,2.331199683114241617e-17,7.000000000000000000e+00
2.271356783919598055e+00,1.429232582713381716e-01,8.000000000000000000e+00
2.271356783919598055e+00,1.423232906974537526e-01,1.100000000000000000e+01
2.291457286432160956e+00,1.424299559395799941e-01,2.000000000000000000e+00
2.291457286432160956e+00,1.413899878632138007e-01,5.000000000000000000e+00
2.291457286432160956e+00,2.487923032290175660e-17,6.000000000000000000e+00
2.291457286432160956e+00,2.331236689808261770e-17,7.000000000000000000e+00
2.291457286432160956e+00,1.429233028228531766e-01,8.000000000000000000e+00
2.291457286432160956e+00,1.423233331271162028e-01,1.100000000000000000e+01
2.311557788944723857e+00,1.424299993076975912e-01,2.000000000000000000e+00
2.311557788944723857e+00,1.413900301338163745e-01,5.000000000000000000e+00
2.311557788944723857e+00,2.523745512101818115e-17,6.000000000000000000e+00
2.311557788944723857e+00,2.501097415361399431e-17,7.000000000000000000e+00
2.311557788944723857e+00,1.429233452409897909e-01,8.000000000000000000e+00
2.311557788944723857e+00,1.423233735884756601e-01,1.100000000000000000e+01
2.331658291457286314e+00,1.424300405334928410e-01,2.000000000000000000e+00
2.331658291457286314e+00,1.413900703167376982e-01,5.000000000000000000e+00
2.331658291457286314e+00,2.531701951316180591e-17,6.000000000000000000e+00
2.331658291457286314e+00,2.500690341727176207e-17,7.000000000000000000e+00
2.331658291457286314e+00,1.429233854501729406e-01,8.000000000000000000e+00
2.331658291457286314e+00,1.423234120009239378e-01,1.100000000000000000e+01
2.351758793969848771e+00,1.424272587633771125e-01,2.000000000000000000e+00
2.351758793969848771e+00,1.413872850365303913e-01,5.000000000000000000e+00
2.351758793969848771e+00,2.453753786309222900e-17,6.000000000000000000e+00
2.351758793969848771e+00,2.397837789942123933e-17,7.000000000000000000e+00
2.351758793969848771e+00,1.429205725233569646e-01,8.000000000000000000e+00
2.351758793969848771e+00,1.423206061857073823e-01,1.100000000000000000e+01
2.371859296482412116e+00,1.424272932656563961e-01,2.000000000000000000e+00
2.371859296482412116e+00,1.413873201998798734e-01,5.000000000000000000e+00
2.371859296482412116e+00,2.450497262364613738e-17,6.000000000000000000e+00
2.371859296482412116e+00,2.255438879273297084e-17,7.000000000000000000e+00
2.371859296482412116e+00,1.429206073263631638e-01,8.000000000000000000e+00
2.371859296482412116e+00,1.423206403884423876e-01,1.100000000000000000e+01
2.391959798994975017e+00,1.424273255957640705e-01,2.000000000000000000e+00
2.391959798994975017e+00,1.413873532359423701e-01,5.000000000000000000e+00
2.391959798994975017e+00,2.467038923765072182e-17,6.000000000000000000e+00
2.391959798994975017e+00,2.255438879273297084e-17,7.000000000000000000e+00
2.391959798994975017e+00,1.429206399112287473e-01,8.000000000000000000e+00
2.391959798994975017e+00,1.423206723737832635e-01,1.100000000000000000e+01
2.412060301507537474e+00,1.424273557649751998e-01,2.000000000000000000e+00
2.412060301507537474e+00,1.413873841447434165e-01,5.000000000000000000e+00
2.412060301507537474e+00,2.492980097460199061e-17,6.000000000000000000e+00
2.412060301507537474e+00,2.255438879273297084e-17,7.000000000000000000e+00
2.412060301507537474e+00,1.429206702917339422e-01,8.000000000000000000e+00
2.412060301507537474e+00,1.423207021610065903e-01,1.100000000000000000e+01
2.432160804020100375e+00,1.424273838025609529e-01,2.000000000000000000e+00
2.432160804020100375e+00,1.413874129448508266e-01,5.000000000000000000e+00
2.432160804020100375e+00,2.472108739451566378e-17,6.000000000000000000e+00
2.432160804020100375e+00,2.397763778034291753e-17,7.000000000000000000e+00
2.432160804020100375e+00,1.429206984999750463e-01,8.000000000000000000e+00
2.432160804020100375e+00,1.423207297870452692e-01,1.100000000000000000e+01
2.452261306532663276e+00,1.424274097538253403e-01,2.000000000000000000e+00
2.452261306532663276e+00,1.413874396715505133e-01,5.000000000000000000e+00
2.452261306532663276e+00,2.452606601737826260e-17,6.000000000000000000e+00
2.452261306532663276e+00,2.255290855457632723e-17,7.000000000000000000e+00
2.452261306532663276e+00,1.429207245843238938e-01,8.000000000000000000e+00
2.452261306532663276e+00,1.423207553044594509e-01,1.100000000000000000e+01
2.472361809045226178e+00,1.424274336780537997e-01,2.000000000000000000e+00
2.472361809045226178e+00,1.413874643749042648e-01,5.000000000000000000e+00
2.472361809045226178e+00,2.452347560060413936e-17,6.000000000000000000e+00
2.472361809045226178e+00,2.255290855457632723e-17,7.000000000000000000e+00
2.472361809045226178e+00,1.429207486073013345e-01,8.000000000000000000e+00
2.472361809045226178e+00,1.423207787793272783e-01,1.100000000000000000e+01
2.492462311557788635e+00,1.424274556464305286e-01,2.000000000000000000e+00
2.492462311557788635e+00,1.413874871177475678e-01,5.000000000000000000e+00
2.492462311557788635e+00,2.458305518640892756e-17,6.000000000000000000e+00
2.492462311557788635e+00,2.255290855457632723e-17,7.000000000000000000e+00
2.492462311557788635e+00,1.429207706434247604e-01,8.000000000000000000e+00
2.492462311557788635e+00,1.423208002891137303e-01,1.100000000000000000e+01
2.512562814070351980e+00,1.424274757399740521e-01,2.000000000000000000e+00
2.512562814070351980e+00,1.413875079736787443e-01,5.000000000000000000e+00
2.512562814070351980e+00,2.452754625553490312e-17,6.000000000000000000e+00
2.512562814070351980e+00,2.397615754218627392e-17,7.000000000000000000e+00
2.512562814070351980e+00,1.429207907770787267e-01,8.000000000000000000e+00
2.512562814070351980e+00,1.423208199205692193e-01,1.100000000000000000e+01
2.532663316582914437e+00,1.424274940475327156e-01,2.000000000000000000e+00
2.532663316582914437e+00,1.413875270250822269e-01,5.000000000000000000e+00
2.532663316582914437e+00,2.465003596299691533e-17,6.000000000000000000e+00
2.532663316582914437e+00,2.397615754218627392e-17,7.000000000000000000e+00
2.532663316582914437e+00,1.429208091004518233e-01,8.000000000000000000e+00
2.532663316582914437e+00,1.423208377676984104e-01,1.100000000000000000e+01
2.552763819095477338e+00,1.424275106638736854e-01,2.000000000000000000e+00
2.552763819095477338e+00,1.413875443612226390e-01,5.000000000000000000e+00
2.552763819095477338e+00,2.519735402141478077e-17,6.000000000000000000e+00
2.552763819095477338e+00,2.255290855457632723e-17,7.000000000000000000e+00
2.552763819095477338e+00,1.429208257115740233e-01,8.000000000000000000e+00
2.552763819095477338e+00,1.423208539298343178e-01,1.100000000000000000e+01
2.572864321608039795e+00,1.424275256878922979e-01,2.000000000000000000e+00
2.572864321608039795e+00,1.413875600764388230e-01,5.000000000000000000e+00
2.572864321608039795e+00,2.487836269865872686e-17,6.000000000000000000e+00
2.572864321608039795e+00,2.255290855457632723e-17,7.000000000000000000e+00
2.572864321608039795e+00,1.429208407124809288e-01,8.000000000000000000e+00
2.572864321608039795e+00,1.423208685098434623e-01,1.100000000000000000e+01
2.592964824120603140e+00,1.424275392209621016e-01,2.000000000000000000e+00
2.592964824120603140e+00,1.413875742684611858e-01,5.000000000000000000e+00
2.592964824120603140e+00,2.526359467892444673e-17,6.000000000000000000e+00
2.592964824120603140e+00,2.255290855457632723e-17,7.000000000000000000e+00
2.592964824120603140e+00,1.429208542075271759e-01,8.000000000000000000e+00
2.592964824120603140e+00,1.423208816124820197e-01,1.100000000000000000e+01
2.613065326633166041e+00,1.424275513654404968e-01,2.000000000000000000e+00
2.613065326633166041e+00,1.413875870368698218e-01,5.000000000000000000e+00
2.613065326633166041e+00,2.503008710971439181e-17,6.000000000000000000e+00
2.613065326633166041e+00,2.397615754218627392e-17,7.000000000000000000e+00
2.613065326633166041e+00,1.429208663018617098e-01,8.000000000000000000e+00
2.613065326633166041e+00,1.423208933429168377e-01,1.100000000000000000e+01
2.633165829145728498e+00,1.424275622233384941e-01,2.000000000000000000e+00
2.633165829145728498e+00,1.413875984817053733e-01,5.000000000000000000e+00
2.633165829145728498e+00,2.487688246050208633e-17,6.000000000000000000e+00
2.633165829145728498e+00,2.397615754218627392e-17,7.000000000000000000e+00
2.633165829145728498e+00,1.429208771000751999e-01,8.000000000000000000e+00
2.633165829145728498e+00,1.423209038054187581e-01,1.100000000000000000e+01
2.653266331658291399e+00,1.424275718951590053e-01,2.000000000000000000e+00
2.653266331658291399e+00,1.413876087022396255e-01,5.000000000000000000e+00
2.653266331658291399e+00,2.482840466087210671e-17,6.000000000000000000e+00
2.653266331658291399e+00,2.255290855457632723e-17,7.000000000000000000e+00
2.653266331658291399e+00,1.429208867050227871e-01,8.000000000000000000e+00
2.653266331658291399e+00,1.423209131022316054e-01,1.100000000000000000e+01
2.673366834170854300e+00,1.424275804789041366e-01,2.000000000000000000e+00
2.673366834170854300e+00,1.413876177959084435e-01,5.000000000000000000e+00
2.673366834170854300e+00,2.479768971912181343e-17,6.000000000000000000e+00
2.673366834170854300e+00,2.255290855457632723e-17,7.000000000000000000e+00
2.673366834170854300e+00,1.429208952168217195e-01,8.000000000000000000e+00
2.673366834170854300e+00,1.423209213326154521e-01,1.100000000000000000e+01
2.693467336683416757e+00,1.424275880692467411e-01,2.000000000000000000e+00
2.693467336683416757e+00,1.413876258574064126e-01,5.000000000000000000e+00
2.693467336683416757e+00,2.511409062510375027e-17,6.000000000000000000e+00
2.693467336683416757e+00,2.255290855457632723e-17,7.000000000000000000e+00
2.693467336683416757e+00,1.429209027320195724e-01,8.000000000000000000e+00
2.693467336683416757e+00,1.423209285920589429e-01,1.100000000000000000e+01
2.713567839195980103e+00,1.424275947568604539e-01,2.000000000000000000e+00
2.713567839195980103e+00,1.413876329779377994e-01,5.000000000000000000e+00
2.713567839195980103e+00,2.472219757313314340e-17,6.000000000000000000e+00
2.713567839195980103e+00,2.397615754218627392e-17,7.000000000000000000e+00
2.713567839195980103e+00,1.429209093429264221e-01,8.000000000000000000e+00
2.713567839195980103e+00,1.423209349716526573e-01,1.100000000000000000e+01
2.733668341708542560e+00,1.424276006278988316e-01,2.000000000000000000e+00
2.733668341708542560e+00,1.413876392446177244e-01,5.000000000000000000e+00
2.733668341708542560e+00,2.532761497919915344e-17,6.000000000000000000e+00
2.733668341708542560e+00,2.397615754218627392e-17,7.000000000000000000e+00
2.733668341708542560e+00,1.429209151370995634e-01,8.000000000000000000e+00
2.733668341708542560e+00,1.423209405576136843e-01,1.100000000000000000e+01
2.753768844221105017e+00,1.424276057636122139e-01,2.000000000000000000e+00
2.753768844221105017e+00,1.413876447400132241e-01,5.000000000000000000e+00
2.753768844221105017e+00,2.502342603800950789e-17,6.000000000000000000e+00
2.753768844221105017e+00,2.397615754218627392e-17,7.000000000000000000e+00
2.753768844221105017e+00,1.429209201969708076e-01,8.000000000000000000e+00
2.753768844221105017e+00,1.423209454309481981e-01,1.100000000000000000e+01
2.773869346733668362e+00,1.424276102400902078e-01,2.000000000000000000e+00
2.773869346733668362e+00,1.413876495418140145e-01,5.000000000000000000e+00
2.773869346733668362e+00,2.523658033256575631e-17,6.000000000000000000e+00
2.773869346733668362e+00,2.255290855457632723e-17,7.000000000000000000e+00
2.773869346733668362e+00,1.429209245996017896e-01,8.000000000000000000e+00
2.773869346733668362e+00,1.423209496672398489e-01,1.100000000000000000e+01
2.793969849246231263e+00,1.424276141281166919e-01,2.000000000000000000e+00
2.793969849246231263e+00,1.413876537226201324e-01,5.000000000000000000e+00
2.793969849246231263e+00,2.521844741514690599e-17,6.000000000000000000e+00
2.793969849246231263e+00,2.255290855457632723e-17,7.000000000000000000e+00
2.793969849246231263e+00,1.429209284165541272e-01,8.000000000000000000e+00
2.793969849246231263e+00,1.423209533365484281e-01,1.100000000000000000e+01
2.814070351758794164e+00,1.424276174931231598e-01,2.000000000000000000e+00
2.814070351758794164e+00,1.413876573498341338e-01,5.000000000000000000e+00
2.814070351758794164e+00,2.568435237494954236e-17,6.000000000000000000e+00
2.814070351758794164e+00,2.397615754218627392e-17,7.000000000000000000e+00
2.814070351758794164e+00,1.429209317138598057e-01,8.000000000000000000e+00
2.814070351758794164e+00,1.423209565034058433e-01,1.100000000000000000e+01
2.834170854271356621e+00,1.424276203952274111e-01,2.000000000000000000e+00
2.834170854271356621e+00,1.413876604856443286e-01,5.000000000000000000e+00
2.834170854271356621e+00,2.540458736334446708e-17,6.000000000000000000e+00
2.834170854271356621e+00,2.397615754218627392e-17,7.000000000000000000e+00
2.834170854271356621e+00,1.429209345520775498e-01,8.000000000000000000e+00
2.834170854271356621e+00,1.423209592268938894e-01,1.100000000000000000e+01
2.854271356783919522e+00,1.424276228893432972e-01,2.000000000000000000e+00
2.854271356783919522e+00,1.413876631870863154e-01,5.000000000000000000e+00
2.854271356783919522e+00,2.532428444334671456e-17,6.000000000000000000e+00
2.854271356783919522e+00,2.255290855457632723e-17,7.000000000000000000e+00
2.854271356783919522e+00,1.429209369864211654e-01,8.000000000000000000e+00
2.854271356783919522e+00,1.423209615607905765e-01,1.100000000000000000e+01
2.874371859296482423e+00,1.424276250253500020e-01,2.000000000000000000e+00
2.874371859296482423e+00,1.413876655061693521e-01,5.000000000000000000e+00
2.874371859296482423e+00,2.542531069753743448e-17,6.000000000000000000e+00
2.874371859296482423e+00,2.255290855457632723e-17,7.000000000000000000e+00
2.874371859296482423e+00,1.429209390669465007e-01,8.000000000000000000e+00
2.874371859296482423e+00,1.423209635537720230e-01,1.100000000000000000e+01
2.894472361809045324e+00,1.424276268483069818e-01,2.000000000000000000e+00
2.894472361809045324e+00,1.413876674900564623e-01,5.000000000000000000e+00
2.894472361809045324e+00,2.634675895004621737e-17,6.000000000000000000e+00
2.894472361809045324e+00,2.255290855457632723e-17,7.000000000000000000e+00
2.894472361809045324e+00,1.429209408387848435e-01,8.000000000000000000e+00
2.894472361809045324e+00,1.423209652496569555e-01,1.100000000000000000e+01
2.914572864321607781e+00,1.424276283987053748e-01,2.000000000000000000e+00
2.914572864321607781e+00,1.413876691812859798e-01,5.000000000000000000e+00
2.914572864321607781e+00,2.535462932555784385e-17,6.000000000000000000e+00
2.914572864321607781e+00,2.255290855457632723e-17,7.000000000000000000e+00
2.914572864321607781e+00,1.429209423424109004e-01,8.000000000000000000e+00
2.914572864321607781e+00,1.423209666876832091e-01,1.100000000000000000e+01
2.934673366834170238e+00,1.424276297127442525e-01,2.000000000000000000e+00
2.934673366834170238e+00,1.413876706180245135e-01,5.000000000000000000e+00
2.934673366834170238e+00,2.588270428793938242e-17,6.000000000000000000e+00
2.934673366834170238e+00,2.255290855457632723e-17,7.000000000000000000e+00
2.934673366834170238e+00,1.429209436139350642e-01,8.000000000000000000e+00
2.934673366834170238e+00,1.423209679028061003e-01,1.100000000000000000e+01
2.954773869346733139e+00,1.424276308226239962e-01,2.000000000000000000e+00
2.954773869346733139e+00,1.413876718343421990e-01,5.000000000000000000e+00
2.954773869346733139e+00,2.547230825901077665e-17,6.000000000000000000e+00
2.954773869346733139e+00,2.397615754218627392e-17,7.000000000000000000e+00
2.954773869346733139e+00,1.429209446854116383e-01,8.000000000000000000e+00
2.954773869346733139e+00,1.423209689260095667e-01,1.100000000000000000e+01
2.974874371859296485e+00,1.424276317568476946e-01,2.000000000000000000e+00
2.974874371859296485e+00,1.413876728605009125e-01,5.000000000000000000e+00
2.974874371859296485e+00,2.529912039468382249e-17,6.000000000000000000e+00
2.974874371859296485e+00,2.255290855457632723e-17,7.000000000000000000e+00
2.974874371859296485e+00,1.429209455851533639e-01,8.000000000000000000e+00
2.974874371859296485e+00,1.423209697846227473e-01,1.100000000000000000e+01
2.994974874371859386e+00,1.424276325405253174e-01,2.000000000000000000e+00
2.994974874371859386e+00,1.413876737232497016e-01,5.000000000000000000e+00
2.994974874371859386e+00,2.576798583079973376e-17,6.000000000000000000e+00
2.994974874371859386e+00,2.255290855457632723e-17,7.000000000000000000e+00
2.994974874371859386e+00,1.429209463380474998e-01,8.000000000000000000e+00
2.994974874371859386e+00,1.423209705026353966e-01,1.100000000000000000e+01
3.015075376884422287e+00,1.424276331956737529e-01,2.000000000000000000e+00
3.015075376884422287e+00,1.413876744461198542e-01,5.000000000000000000e+00
3.015075376884422287e+00,2.554187945237288149e-17,6.000000000000000000e+00
3.015075376884422287e+00,2.397615754218627392e-17,7.000000000000000000e+00
3.015075376884422287e+00,1.429209469658661857e-01,8.000000000000000000e+00
3.015075376884422287e+00,1.423209711010065270e-01,1.100000000000000000e+01
3.035175879396984744e+00,1.424276337415089910e-01,2.000000000000000000e+00
3.035175879396984744e+00,1.413876750497153889e-01,5.000000000000000000e+00
3.035175879396984744e+00,2.531651319302435101e-17,6.000000000000000000e+00
3.035175879396984744e+00,2.397615754218627392e-17,7.000000000000000000e+00
3.035175879396984744e+00,1.429209474875678676e-01,8.000000000000000000e+00
3.035175879396984744e+00,1.423209715979629475e-01,1.100000000000000000e+01
3.055276381909548089e+00,1.424276341947267044e-01,2.000000000000000000e+00
3.055276381909548089e+00,1.413876755519942741e-01,5.000000000000000000e+00
3.055276381909548089e+00,2.544566397219124405e-17,6.000000000000000000e+00
3.055276381909548089e+00,2.255290855457632723e-17,7.000000000000000000e+00
3.055276381909548089e+00,1.429209479195849009e-01,8.000000000000000000e+00
3.055276381909548089e+00,1.423209720092830644e-01,1.100000000000000000e+01
3.075376884422110546e+00,1.424276345697680357e-01,2.000000000000000000e+00
3.075376884422110546e+00,1.413876759685378792e-01,5.000000000000000000e+00
3.075376884422110546e+00,2.564697636149436517e-17,6.000000000000000000e+00
3.075376884422110546e+00,2.255290855457632723e-17,7.000000000000000000e+00
3.075376884422110546e+00,1.429209482760961103e-01,8.000000000000000000e+00
3.075376884422110546e+00,1.423209723485647782e-01,1.100000000000000000e+01
3.095477386934673003e+00,1.424276348790694813e-01,2.000000000000000000e+00
3.095477386934673003e+00,1.413876763128051051e-01,5.000000000000000000e+00
3.095477386934673003e+00,2.494571353478587552e-17,6.000000000000000000e+00
3.095477386934673003e+00,2.255290855457632723e-17,7.000000000000000000e+00
3.095477386934673003e+00,1.429209485692811699e-01,8.000000000000000000e+00
3.095477386934673003e+00,1.423209726274752007e-01,1.100000000000000000e+01
3.115577889447236348e+00,1.424276351332946222e-01,2.000000000000000000e+00
3.115577889447236348e+00,1.413876765963708038e-01,5.000000000000000000e+00
3.115577889447236348e+00,2.497346800022288466e-17,6.000000000000000000e+00
3.115577889447236348e+00,2.397615754218627392e-17,7.000000000000000000e+00
3.115577889447236348e+00,1.429209488095566360e-01,8.000000000000000000e+00
3.115577889447236348e+00,1.423209728559811926e-01,1.100000000000000000e+01
3.135678391959799249e+00,1.424276353415480090e-01,2.000000000000000000e+00
3.135678391959799249e+00,1.413876768291464081e-01,5.000000000000000000e+00
3.135678391959799249e+00,2.545491546067024505e-17,6.000000000000000000e+00
3.135678391959799249e+00,2.255290855457632723e-17,7.000000000000000000e+00
3.135678391959799249e+00,1.429209490057925247e-01,8.000000000000000000e+00
3.135678391959799249e+00,1.423209730425605557e-01,1.100000000000000000e+01
3.155778894472361706e+00,1.424276355115703108e-01,2.000000000000000000e+00
3.155778894472361706e+00,1.413876770195826305e-01,5.000000000000000000e+00
3.155778894472361706e+00,2.499012067948509446e-17,6.000000000000000000e+00
3.155778894472361706e+00,2.255290855457632723e-17,7.000000000000000000e+00
3.155778894472361706e+00,1.429209491655094866e-01,8.000000000000000000e+00
3.155778894472361706e+00,1.423209731943941569e-01,1.100000000000000000e+01
3.175879396984924607e+00,1.424276356499150631e-01,2.000000000000000000e+00
3.175879396984924607e+00,1.413876771748545924e-01,5.000000000000000000e+00
3.175879396984924607e+00,2.499160091764173807e-17,6.000000000000000000e+00
3.175879396984924607e+00,2.255290855457632723e-17,7.000000000000000000e+00
3.175879396984924607e+00,1.429209492950571925e-01,8.000000000000000000e+00
3.175879396984924607e+00,1.423209733175387071e-01,1.100000000000000000e+01
3.195979899497487509e+00,1.424276357621080125e-01,2.000000000000000000e+00
3.195979899497487509e+00,1.413876773010286636e-01,5.000000000000000000e+00
3.195979899497487509e+00,2.469518322677445299e-17,6.000000000000000000e+00
3.195979899497487509e+00,2.255290855457632723e-17,7.000000000000000000e+00
3.195979899497487509e+00,1.429209493997738722e-01,8.000000000000000000e+00
3.195979899497487509e+00,1.423209734170816088e-01,1.100000000000000000e+01
3.216080402010050410e+00,1.424276358527891695e-01,2.000000000000000000e+00
3.216080402010050410e+00,1.413876774032128691e-01,5.000000000000000000e+00
3.216080402010050410e+00,2.462302161663822183e-17,6.000000000000000000e+00
3.216080402010050410e+00,2.397615754218627392e-17,7.000000000000000000e+00
3.216080402010050410e+00,1.429209494841291173e-01,8.000000000000000000e+00
3.216080402010050410e+00,1.423209734972785412e-01,1.100000000000000000e+01
3.236180904522613311e+00,1.424276359258391522e-01,2.000000000000000000e+00
3.236180904522613311e+00,1.413876774856903940e-01,5.000000000000000000e+00
3.236180904522613311e+00,2.448646964668812923e-17,6.000000000000000000e+00
3.236180904522613311e+00,2.255290855457632723e-17,7.000000000000000000e+00
3.236180904522613311e+00,1.429209495518496131e-01,8.000000000000000000e+00
3.236180904522613311e+00,1.423209735616751959e-01,1.100000000000000000e+01
3.256281407035176212e+00,1.424276359844904305e-01,2.000000000000000000e+00
3.256281407035176212e+00,1.413876775520384876e-01,5.000000000000000000e+00
3.256281407035176212e+00,2.469481316723529208e-17,6.000000000000000000e+00
3.256281407035176212e+00,2.255290855457632723e-17,7.000000000000000000e+00
3.256281407035176212e+00,1.429209496060298568e-01,8.000000000000000000e+00
3.256281407035176212e+00,1.423209736132135805e-01,1.100000000000000000e+01
3.276381909547738225e+00,1.424276360314248313e-01,2.000000000000000000e+00
3.276381909547738225e+00,1.413876776052327144e-01,5.000000000000000000e+00
3.276381909547738225e+00,2.457010310253832063e-17,6.000000000000000000e+00
3.276381909547738225e+00,2.255290855457632723e-17,7.000000000000000000e+00
3.276381909547738225e+00,1.429209496492291898e-01,8.000000000000000000e+00
3.276381909547738225e+00,1.423209736543253057e-01,1.100000000000000000e+01
3.296482412060301126e+00,1.424276360688585819e-01,2.000000000000000000e+00
3.296482412060301126e+00,1.413876776477382691e-01,5.000000000000000000e+00
3.296482412060301126e+00,2.477696638492884912e-17,6.000000000000000000e+00
3.296482412060301126e+00,2.255290855457632723e-17,7.000000000000000000e+00
3.296482412060301126e+00,1.429209496835556481e-01,8.000000000000000000e+00
3.296482412060301126e+00,1.423209736870122422e-01,1.100000000000000000e+01
3.316582914572864471e+00,1.424276360986161949e-01,2.000000000000000000e+00
3.316582914572864471e+00,1.413876776815895242e-01,5.000000000000000000e+00
3.316582914572864471e+00,2.504081883635003333e-17,6.000000000000000000e+00
3.316582914572864471e+00,2.397615754218627392e-17,7.000000000000000000e+00
3.316582914572864471e+00,1.429209497107387650e-01,8.000000000000000000e+00
3.316582914572864471e+00,1.423209737129158270e-01,1.100000000000000000e+01
3.336683417085427816e+00,1.424276361221936404e-01,2.000000000000000000e+00
3.336683417085427816e+00,1.413876777084585590e-01,5.000000000000000000e+00
3.336683417085427816e+00,2.486800103156224316e-17,6.000000000000000000e+00
3.336683417085427816e+00,2.255290855457632723e-17,7.000000000000000000e+00
3.336683417085427816e+00,1.429209497321917710e-01,8.000000000000000000e+00
3.336683417085427816e+00,1.423209737333769043e-01,1.100000000000000000e+01
3.356783919597989385e+00,1.424276361408127745e-01,2.000000000000000000e+00
3.356783919597989385e+00,1.413876777297145559e-01,5.000000000000000000e+00
3.356783919597989385e+00,2.477696638492884604e-17,6.000000000000000000e+00
3.356783919597989385e+00,2.397615754218627392e-17,7.000000000000000000e+00
3.356783919597989385e+00,1.429209497490649683e-01,8.000000000000000000e+00
3.356783919597989385e+00,1.423209737494865734e-01,1.100000000000000000e+01
3.376884422110552730e+00,1.424276361554679682e-01,2.000000000000000000e+00
3.376884422110552730e+00,1.413876777464741497e-01,5.000000000000000000e+00
3.376884422110552730e+00,2.488687406805941529e-17,6.000000000000000000e+00
3.376884422110552730e+00,2.255290855457632723e-17,7.000000000000000000e+00
3.376884422110552730e+00,1.429209497622909442e-01,8.000000000000000000e+00
3.376884422110552730e+00,1.423209737621292381e-01,1.100000000000000000e+01
3.396984924623116076e+00,1.424276361669652435e-01,2.000000000000000000e+00
3.396984924623116076e+00,1.413876777596445866e-01,5.000000000000000000e+00
3.396984924623116076e+00,2.453383726770062614e-17,6.000000000000000000e+00
3.396984924623116076e+00,2.397615754218627392e-17,7.000000000000000000e+00
3.396984924623116076e+00,1.429209497726229017e-01,8.000000000000000000e+00
3.396984924623116076e+00,1.423209737720190493e-01,1.100000000000000000e+01
3.417085427135678533e+00,1.424276361759554688e-01,2.000000000000000000e+00
3.417085427135678533e+00,1.413876777699601961e-01,5.000000000000000000e+00
3.417085427135678533e+00,2.452088518383002229e-17,6.000000000000000000e+00
3.417085427135678533e+00,2.397615754218627392e-17,7.000000000000000000e+00
3.417085427135678533e+00,1.429209497806666340e-01,8.000000000000000000e+00
3.417085427135678533e+00,1.423209737797306584e-01,1.100000000000000000e+01
3.437185929648240990e+00,1.424276361829622528e-01,2.000000000000000000e+00
3.437185929648240990e+00,1.413876777780130045e-01,5.000000000000000000e+00
3.437185929648240990e+00,2.501491466860882562e-17,6.000000000000000000e+00
3.437185929648240990e+00,2.397615754218627392e-17,7.000000000000000000e+00
3.437185929648240990e+00,1.429209497869076972e-01,8.000000000000000000e+00
3.437185929648240990e+00,1.423209737857246415e-01,1.100000000000000000e+01
3.457286432160803891e+00,1.424276361884053432e-01,2.000000000000000000e+00
3.457286432160803891e+00,1.413876777842785204e-01,5.000000000000000000e+00
3.457286432160803891e+00,2.443688166844066690e-17,6.000000000000000000e+00
3.457286432160803891e+00,2.255290855457632723e-17,7.000000000000000000e+00
3.457286432160803891e+00,1.429209497917336702e-01,8.000000000000000000e+00
3.457286432160803891e+00,1.423209737903686767e-01,1.100000000000000000e+01
3.477386934673366792e+00,1.424276361926198331e-01,2.000000000000000000e+00
3.477386934673366792e+00,1.413876777891373282e-01,5.000000000000000000e+00
3.477386934673366792e+00,2.515109657901975732e-17,6.000000000000000000e+00
3.477386934673366792e+00,2.255290855457632723e-17,7.000000000000000000e+00
3.477386934673366792e+00,1.429209497954527786e-01,8.000000000000000000e+00
3.477386934673366792e+00,1.423209737939554465e-01,1.100000000000000000e+01
3.497487437185929693e+00,1.424276361958724813e-01,2.000000000000000000e+00
3.497487437185929693e+00,1.413876777928928241e-01,5.000000000000000000e+00
3.497487437185929693e+00,2.455197018511947647e-17,6.000000000000000000e+00
3.497487437185929693e+00,2.255290855457632723e-17,7.000000000000000000e+00
3.497487437185929693e+00,1.429209497983091326e-01,8.000000000000000000e+00
3.497487437185929693e+00,1.423209737967169597e-01,1.100000000000000000e+01
3.517587939698492594e+00,1.424276361983745354e-01,2.000000000000000000e+00
3.517587939698492594e+00,1.413876777957859265e-01,5.000000000000000000e+00
3.517587939698492594e+00,2.521548693883362185e-17,6.000000000000000000e+00
3.517587939698492594e+00,2.397615754218627392e-17,7.000000000000000000e+00
3.517587939698492594e+00,1.429209498004954948e-01,8.000000000000000000e+00
3.517587939698492594e+00,1.423209737988363754e-01,1.100000000000000000e+01
3.537688442211055495e+00,1.424276362002929730e-01,2.000000000000000000e+00
3.537688442211055495e+00,1.413876777980073995e-01,5.000000000000000000e+00
3.537688442211055495e+00,2.448461934899232780e-17,6.000000000000000000e+00
3.537688442211055495e+00,2.255290855457632723e-17,7.000000000000000000e+00
3.537688442211055495e+00,1.429209498021633551e-01,8.000000000000000000e+00
3.537688442211055495e+00,1.423209738004579117e-01,1.100000000000000000e+01
3.557788944723617508e+00,1.424276362017591613e-01,2.000000000000000000e+00
3.557788944723617508e+00,1.413876777997074285e-01,5.000000000000000000e+00
3.557788944723617508e+00,2.533464611044319518e-17,6.000000000000000000e+00
3.557788944723617508e+00,2.397615754218627392e-17,7.000000000000000000e+00
3.557788944723617508e+00,1.429209498034313686e-01,8.000000000000000000e+00
3.557788944723617508e+00,1.423209738016947001e-01,1.100000000000000000e+01
3.577889447236180853e+00,1.424276362028760179e-01,2.000000000000000000e+00
3.577889447236180853e+00,1.413876778010042246e-01,5.000000000000000000e+00
3.577889447236180853e+00,2.542679093569407501e-17,6.000000000000000000e+00
3.577889447236180853e+00,2.255290855457632723e-17,7.000000000000000000e+00
3.577889447236180853e+00,1.429209498043921001e-01,8.000000000000000000e+00
3.577889447236180853e+00,1.423209738026350868e-01,1.100000000000000000e+01
3.597989949748744198e+00,1.424276362037240895e-01,2.000000000000000000e+00
3.597989949748744198e+00,1.413876778019901026e-01,5.000000000000000000e+00
3.597989949748744198e+00,2.485652918584827983e-17,6.000000000000000000e+00
3.597989949748744198e+00,2.397615754218627392e-17,7.000000000000000000e+00
3.597989949748744198e+00,1.429209498051175753e-01,8.000000000000000000e+00
3.597989949748744198e+00,1.423209738033479332e-01,1.100000000000000000e+01
3.618090452261306211e+00,1.424276362043659094e-01,2.000000000000000000e+00
3.618090452261306211e+00,1.413876778027372272e-01,5.000000000000000000e+00
3.618090452261306211e+00,2.534759819431380211e-17,6.000000000000000000e+00
3.618090452261306211e+00,2.255290855457632723e-17,7.000000000000000000e+00
3.618090452261306211e+00,1.429209498056635830e-01,8.000000000000000000e+00
3.618090452261306211e+00,1.423209738038866135e-01,1.100000000000000000e+01
3.638190954773869557e+00,1.424276362048501055e-01,2.000000000000000000e+00
3.638190954773869557e+00,1.413876778033014980e-01,5.000000000000000000e+00
3.638190954773869557e+00,2.504636972943743454e-17,6.000000000000000000e+00
3.638190954773869557e+00,2.255290855457632723e-17,7.000000000000000000e+00
3.638190954773869557e+00,1.429209498060730887e-01,8.000000000000000000e+00
3.638190954773869557e+00,1.423209738042924832e-01,1.100000000000000000e+01
3.658291457286432014e+00,1.424276362052141753e-01,2.000000000000000000e+00
3.658291457286432014e+00,1.413876778037262694e-01,5.000000000000000000e+00
3.658291457286432014e+00,2.534167724168723692e-17,6.000000000000000000e+00
3.658291457286432014e+00,2.255290855457632723e-17,7.000000000000000000e+00
3.658291457286432014e+00,1.429209498063791772e-01,8.000000000000000000e+00
3.658291457286432014e+00,1.423209738045973227e-01,1.100000000000000000e+01
3.678391959798994471e+00,1.424276362054870959e-01,2.000000000000000000e+00
3.678391959798994471e+00,1.413876778040450144e-01,5.000000000000000000e+00
3.678391959798994471e+00,2.497605841699700790e-17,6.000000000000000000e+00
3.678391959798994471e+00,2.255290855457632723e-17,7.000000000000000000e+00
3.678391959798994471e+00,1.429209498066072448e-01,8.000000000000000000e+00
3.678391959798994471e+00,1.423209738048255846e-01,1.100000000000000000e+01
3.698492462311557816e+00,1.424276362056909606e-01,2.000000000000000000e+00
3.698492462311557816e+00,1.413876778042834070e-01,5.000000000000000000e+00
3.698492462311557816e+00,2.505118050344652011e-17,6.000000000000000000e+00
3.698492462311557816e+00,2.255290855457632723e-17,7.000000000000000000e+00
3.698492462311557816e+00,1.429209498067765816e-01,8.000000000000000000e+00
3.698492462311557816e+00,1.423209738049960316e-01,1.100000000000000000e+01
3.718592964824120717e+00,1.424276362058427836e-01,2.000000000000000000e+00
3.718592964824120717e+00,1.413876778044610982e-01,5.000000000000000000e+00
3.718592964824120717e+00,2.498938056040677574e-17,6.000000000000000000e+00
3.718592964824120717e+00,2.397615754218627392e-17,7.000000000000000000e+00
3.718592964824120717e+00,1.429209498069018702e-01,8.000000000000000000e+00
3.718592964824120717e+00,1.423209738051229023e-01,1.100000000000000000e+01
3.738693467336684062e+00,1.424276362059554712e-01,2.000000000000000000e+00
3.738693467336684062e+00,1.413876778045931315e-01,5.000000000000000000e+00
3.738693467336684062e+00,2.475217239580511795e-17,6.000000000000000000e+00
3.738693467336684062e+00,2.255290855457632723e-17,7.000000000000000000e+00
3.738693467336684062e+00,1.429209498069942130e-01,8.000000000000000000e+00
3.738693467336684062e+00,1.423209738052170770e-01,1.100000000000000000e+01
3.758793969849246519e+00,1.424276362060388490e-01,2.000000000000000000e+00
3.758793969849246519e+00,1.413876778046908866e-01,5.000000000000000000e+00
3.758793969849246519e+00,2.491943930750550383e-17,6.000000000000000000e+00
3.758793969849246519e+00,2.255290855457632723e-17,7.000000000000000000e+00
3.758793969849246519e+00,1.429209498070621309e-01,8.000000000000000000e+00
3.758793969849246519e+00,1.423209738052867435e-01,1.100000000000000000e+01
3.778894472361808976e+00,1.424276362061003554e-01,2.000000000000000000e+00
3.778894472361808976e+00,1.413876778047630789e-01,5.000000000000000000e+00
3.778894472361808976e+00,2.481989329147142444e-17,6.000000000000000000e+00
3.778894472361808976e+00,2.255290855457632723e-17,7.000000000000000000e+00
3.778894472361808976e+00,1.429209498071118967e-01,8.000000000000000000e+00
3.778894472361808976e+00,1.423209738053381745e-01,1.100000000000000000e+01
3.798994974874371877e+00,1.424276362061455414e-01,2.000000000000000000e+00
3.798994974874371877e+00,1.413876778048161753e-01,5.000000000000000000e+00
3.798994974874371877e+00,2.557962552536721650e-17,6.000000000000000000e+00
3.798994974874371877e+00,2.255290855457632723e-17,7.000000000000000000e+00
3.798994974874371877e+00,1.429209498071482010e-01,8.000000000000000000e+00
3.798994974874371877e+00,1.423209738053759776e-01,1.100000000000000000e+01
3.819095477386935222e+00,1.424276362061786816e-01,2.000000000000000000e+00
3.819095477386935222e+00,1.413876778048551164e-01,5.000000000000000000e+00
3.819095477386935222e+00,2.537276224297669110e-17,6.000000000000000000e+00
3.819095477386935222e+00,2.255290855457632723e-17,7.000000000000000000e+00
3.819095477386935222e+00,1.429209498071745965e-01,8.000000000000000000e+00
3.819095477386935222e+00,1.423209738054037332e-01,1.100000000000000000e+01
3.839195979899497679e+00,1.424276362062029122e-01,2.000000000000000000e+00
3.839195979899497679e+00,1.413876778048835658e-01,5.000000000000000000e+00
3.839195979899497679e+00,2.487429204372796926e-17,6.000000000000000000e+00
3.839195979899497679e+00,2.255290855457632723e-17,7.000000000000000000e+00
3.839195979899497679e+00,1.429209498071937479e-01,8.000000000000000000e+00
3.839195979899497679e+00,1.423209738054240503e-01,1.100000000000000000e+01
3.859296482412060136e+00,1.424276362062205370e-01,2.000000000000000000e+00
3.859296482412060136e+00,1.413876778049043270e-01,5.000000000000000000e+00
3.859296482412060136e+00,2.523028932040003330e-17,6.000000000000000000e+00
3.859296482412060136e+00,2.255290855457632723e-17,7.000000000000000000e+00
3.859296482412060136e+00,1.429209498072075701e-01,8.000000000000000000e+00
3.859296482412060136e+00,1.423209738054388440e-01,1.100000000000000000e+01
3.879396984924623037e+00,1.424276362062333046e-01,2.000000000000000000e+00
3.879396984924623037e+00,1.413876778049193705e-01,5.000000000000000000e+00
3.879396984924623037e+00,2.460229828244525135e-17,6.000000000000000000e+00
3.879396984924623037e+00,2.255290855457632723e-17,7.000000000000000000e+00
3.879396984924623037e+00,1.429209498072175621e-01,8.000000000000000000e+00
3.879396984924623037e+00,1.423209738054495854e-01,1.100000000000000000e+01
3.899497487437185494e+00,1.424276362062425472e-01,2.000000000000000000e+00
3.899497487437185494e+00,1.413876778049302507e-01,5.000000000000000000e+00
3.899497487437185494e+00,2.476105382474495804e-17,6.000000000000000000e+00
3.899497487437185494e+00,2.255290855457632723e-17,7.000000000000000000e+00
3.899497487437185494e+00,1.429209498072247231e-01,8.000000000000000000e+00
3.899497487437185494e+00,1.423209738054573847e-01,1.100000000000000000e+01
3.919597989949748840e+00,1.424276362062492363e-01,2.000000000000000000e+00
3.919597989949748840e+00,1.413876778049381333e-01,5.000000000000000000e+00
3.919597989949748840e+00,2.502268591893118609e-17,6.000000000000000000e+00
3.919597989949748840e+00,2.397615754218627392e-17,7.000000000000000000e+00
3.919597989949748840e+00,1.429209498072298301e-01,8.000000000000000000e+00
3.919597989949748840e+00,1.423209738054630469e-01,1.100000000000000000e+01
3.939698492462312185e+00,1.424276362062540380e-01,2.000000000000000000e+00
3.939698492462312185e+00,1.413876778049437954e-01,5.000000000000000000e+00
3.939698492462312185e+00,2.501047395413890096e-17,6.000000000000000000e+00
3.939698492462312185e+00,2.255290855457632723e-17,7.000000000000000000e+00
3.939698492462312185e+00,1.429209498072334938e-01,8.000000000000000000e+00
3.939698492462312185e+00,1.423209738054671269e-01,1.100000000000000000e+01
3.959798994974874198e+00,1.424276362062574797e-01,2.000000000000000000e+00
3.959798994974874198e+00,1.413876778049478478e-01,5.000000000000000000e+00
3.959798994974874198e+00,2.418968189628168325e-17,6.000000000000000000e+00
3.959798994974874198e+00,2.255290855457632723e-17,7.000000000000000000e+00
3.959798994974874198e+00,1.429209498072361029e-01,8.000000000000000000e+00
3.959798994974874198e+00,1.423209738054700413e-01,1.100000000000000000e+01
3.979899497487436655e+00,1.424276362062599222e-01,2.000000000000000000e+00
3.979899497487436655e+00,1.413876778049507343e-01,5.000000000000000000e+00
3.979899497487436655e+00,2.496680692851800691e-17,6.000000000000000000e+00
3.979899497487436655e+00,2.255290855457632723e-17,7.000000000000000000e+00
3.979899497487436655e+00,1.429209498072379347e-01,8.000000000000000000e+00
3.979899497487436655e+00,1.423209738054721507e-01,1.100000000000000000e+01
4.000000000000000000e+00,1.424276362062616708e-01,2.000000000000000000e+00
4.000000000000000000e+00,1.413876778049527883e-01,5.000000000000000000e+00
4.000000000000000000e+00,2.495274466602992035e-17,6.000000000000000000e+00
4.000000000000000000e+00,2.255290855457632723e-17,7.000000000000000000e+00
4.000000000000000000e+00,1.429209498072392115e-01,8.000000000000000000e+00
4.000000000000000000e+00,1.423209738054736218e-01,1.100000000000000000e+01
